,gene,class,family,S23,S24,S21,S22
0,MER11B,LTR,ERVK,30934,17334,19738,12830
1,MER44B,DNA,TcMar-Tigger,1500,1425,1310,1019
2,UCON80_AMi,Unknown,Unknown,146,100,120,87
3,MSTA1,LTR,ERVL-MaLR,206,352,167,116
4,MLT1E1-int,LTR,ERVL-MaLR,0,4,0,0
5,UCON27,Unknown,Unknown,8,12,8,0
6,MER96B,DNA,hAT-Tip100,470,450,311,326
7,MLT1E2-int,LTR,ERVL-MaLR,33,58,118,20
8,UCON29,DNA,PiggyBac?,42,79,48,20
9,Zaphod2,DNA,hAT-Tip100,168,116,276,159
10,MER41E,LTR,ERV1,245,113,181,122
11,MER41D,LTR,ERV1,119,242,68,76
12,MER41G,LTR,ERV1,52,96,12,24
13,MLT2B3,LTR,ERVL,1047,1406,921,579
14,LTR82B,LTR,ERVL,293,295,203,195
15,UCON26,Unknown,Unknown,170,87,48,24
16,MER41C,LTR,ERV1,244,340,147,96
17,CR1-L3A_Croc,LINE,CR1,85,130,64,98
18,L1M4a2,LINE,L1,554,735,407,385
19,L1M4a1,LINE,L1,705,652,605,604
20,UCON19,Unknown,Unknown,0,0,0,8
21,MER96,DNA,hAT-Tip100,195,250,154,62
22,MER20B,DNA,hAT-Charlie,1438,1800,1359,1221
23,LTR82A,LTR,ERVL,193,356,388,259
24,MLT1E3,LTR,ERVL-MaLR,577,624,361,385
25,LTR35A,LTR,ERV1,12,60,68,8
26,LTR35B,LTR,ERV1,12,52,52,36
27,MER95,LTR,ERV1,44,32,72,44
28,MER44A,DNA,TcMar-Tigger,1582,1697,2768,2339
29,MSTB2,LTR,ERVL-MaLR,442,450,482,373
30,CER,Satellite,Satellite,97,119,51,77
31,AluYh7,SINE,Alu,5,8,22,5
32,Charlie15b,DNA,hAT-Charlie,803,985,765,573
33,LTR52-int,LTR,ERVL,36,33,68,32
34,Charlie15a,DNA,hAT-Charlie,1083,1141,1561,1546
35,LTR85c,LTR,Gypsy?,164,204,309,208
36,LTR85b,LTR,Gypsy?,257,291,129,88
37,LTR85a,LTR,Gypsy?,311,294,308,254
38,MER97b,DNA,hAT-Tip100,0,8,16,8
39,Tigger12c,DNA,TcMar-Tigger,463,456,318,303
40,AluYh9,SINE,Alu,2,9,14,5
41,LTR66,LTR,ERVL,37,47,36,44
42,LTR103_Mam,LTR,ERV1?,50,36,78,88
43,LTR61,LTR,ERV1,87,104,56,77
44,tRNA-Leu-TTA_m_,tRNA,tRNA,84,185,36,36
45,FordPrefect_a,DNA,hAT-Tip100,16,0,36,0
46,UCON67,Unknown,Unknown,40,36,8,0
47,LTR60,LTR,ERV1,32,12,0,12
48,tRNA-Leu-CTY,tRNA,tRNA,0,0,0,0
49,LTR60B,LTR,ERV1,8,4,20,4
50,UCON58,Unknown,Unknown,0,0,0,0
51,UCON59,Unknown,Unknown,0,12,20,24
52,UCON24,Unknown,Unknown,0,0,0,0
53,UCON57,Unknown,Unknown,0,0,0,0
54,UCON54,Unknown,Unknown,36,22,64,16
55,UCON55,DNA,TcMar-Tigger,159,65,142,79
56,UCON53,Unknown,Unknown,0,0,9,0
57,HERVKC4-int,LTR,ERVK,53,8,45,48
58,LSAU,Satellite,Satellite,0,8,4,0
59,Chap1_Mam,DNA,hAT-Charlie,656,652,491,486
60,LTR3,LTR,ERVK,303,179,338,177
61,X5B_LINE,LINE,CR1,18,29,16,32
62,AluSg7,SINE,Alu,1240,1734,1376,1132
63,AluYi6_4d,SINE,Alu,31,32,37,32
64,LTR4,LTR,ERV1,212,204,230,145
65,LTR5,LTR,ERVK,55,87,87,28
66,LTR8,LTR,ERV1,2030,2102,1528,1171
67,LTR9,LTR,ERV1,394,321,165,145
68,UCON66,Unknown,Unknown,0,0,0,0
69,ORSL,DNA,hAT-Tip100,153,275,247,264
70,X9_LINE,LINE,L1,933,765,596,521
71,MER57C2,LTR,ERV1,59,60,20,56
72,HERVH48-int,LTR,ERV1,247,240,298,186
73,MER57C1,LTR,ERV1,60,36,83,28
74,LTR13A,LTR,ERVK,329,302,210,187
75,hAT-16_Crp,DNA,hAT-Charlie,0,0,0,0
76,MSTB1-int,LTR,ERVL-MaLR,44,16,104,48
77,tRNA-Asn-AAT,tRNA,tRNA,0,0,0,0
78,L1PB3,LINE,L1,3658,4362,3251,2458
79,MER115,DNA,hAT-Tip100,1054,1082,539,333
80,Tigger13a,DNA,TcMar-Tigger,761,958,1123,903
81,MER117,DNA,hAT-Charlie,1338,1425,1559,1180
82,MER110,LTR,ERV1,100,118,112,67
83,MER112,DNA,hAT-Charlie,1715,1817,2092,1576
84,L1PB1,LINE,L1,5127,5207,4188,3978
85,MER74A,LTR,ERVL,1220,853,453,473
86,HERVK11D-int,LTR,ERVK,16,2,8,13
87,LTR13_,LTR,ERVK,28,16,45,50
88,MER119,DNA,hAT-Charlie,170,341,456,260
89,MER5C1,DNA,hAT-Charlie,204,234,212,118
90,PABL_A,LTR,ERV1,185,301,179,160
91,LTR38,LTR,ERV1,36,28,4,8
92,ALR_Alpha,Satellite,centr,1545,2700,1882,1999
93,MamGypLTR3,LTR,Gypsy,92,13,36,51
94,MER65-int,LTR,ERV1,251,163,150,87
95,MLT1K,LTR,ERVL-MaLR,5255,5247,4097,3420
96,LTR32,LTR,ERVL,475,422,359,287
97,LTR33,LTR,ERVL,2109,2437,1907,1437
98,L1MA10,LINE,L1,913,1147,1226,1060
99,LTR31,LTR,ERV1,75,48,28,35
100,AluYg6,SINE,Alu,45,50,55,50
101,LTR34,LTR,ERV1,75,68,74,40
102,LTR35,LTR,ERV1,18,66,76,9
103,MLT2B2,LTR,ERVL,322,401,254,206
104,HERVK13-int,LTR,ERVK,267,448,281,220
105,UCON25,Unknown,Unknown,0,0,0,0
106,Tigger17a,DNA,TcMar-Tigger,1416,1480,1380,1262
107,L1P1,LINE,L1,831,881,891,774
108,L1P3,LINE,L1,1193,1791,1361,957
109,L1P2,LINE,L1,1387,1429,1090,1124
110,L1P5,LINE,L1,119,30,51,63
111,L1P4,LINE,L1,848,894,704,604
112,LTR108b_Mam,LTR,ERVL,8,0,0,12
113,LTR21A,LTR,ERV1,4095,3011,4476,2706
114,tRNA-Arg-AGA,tRNA,tRNA,4,0,28,12
115,LTR21C,LTR,ERVL,0,0,0,0
116,LTR21B,LTR,ERV1,8,0,4,28
117,LTR86B1,LTR,ERVL,142,155,124,79
118,LTR86B2,LTR,ERVL,40,12,35,12
119,UCON103,Unknown,Unknown,0,0,0,0
120,UCON101,Unknown,Unknown,0,0,0,0
121,L1PB,LINE,L1,223,359,348,214
122,UCON107,DNA,hAT-Tag1,82,32,91,48
123,ERV3-16A3_LTR,LTR,ERVL,248,175,257,184
124,tRNA-Glu-GAA,tRNA,tRNA,6,4,16,15
125,LTR18A,LTR,ERVL,38,234,44,100
126,LTR18C,LTR,ERVL,28,0,4,16
127,LTR18B,LTR,ERVL,254,231,76,128
128,ERV24_Prim-int,LTR,ERV1,36,88,98,24
129,MER70C,LTR,ERVL,14,16,47,40
130,LTR3B,LTR,ERVK,2,37,38,4
131,LTR3A,LTR,ERVK,162,142,76,124
132,MSTA,LTR,ERVL-MaLR,4009,4057,3749,2928
133,MSTB,LTR,ERVL-MaLR,2579,2657,2139,1454
134,LTR59,LTR,ERV1,0,0,36,4
135,MER11D,LTR,ERVK,34,59,37,65
136,LTR108a_Mam,LTR,ERVL,60,12,28,8
137,GSATII,Satellite,centr,26,120,18,11
138,ERVL47-int,LTR,ERVL,52,40,44,8
139,MER11C,LTR,ERVK,306,424,295,243
140,MER83B,LTR,ERV1,47,55,45,33
141,LTR24C,LTR,ERV1,94,55,55,47
142,LTR54,LTR,ERV1,286,222,116,160
143,tRNA-Pro-CCY,tRNA,tRNA,0,4,0,0
144,MER129,LTR?,LTR?,8,35,20,8
145,MER6C,DNA,TcMar-Tigger,8,6,78,24
146,LTR16B,LTR,ERVL,180,267,129,188
147,MER6A,DNA,TcMar-Tigger,355,430,626,416
148,MER130,DNA,DNA,15,20,24,28
149,Tigger15a,DNA,TcMar-Tigger,2278,2024,2070,1588
150,Tigger2b_Pri,DNA,TcMar-Tigger,743,750,686,650
151,Kanga11a,DNA,TcMar-Tc2,118,110,167,110
152,MER131,DNA?,DNA?,243,375,438,409
153,THE1D,LTR,ERVL-MaLR,2149,2523,1953,1585
154,Ricksha_c,DNA,MULE-MuDR,243,296,138,195
155,FordPrefect,DNA,hAT-Tip100,181,244,379,389
156,Charlie10a,DNA,hAT-Charlie,108,152,144,112
157,L1M3c,LINE,L1,125,302,319,305
158,Charlie10b,DNA,hAT-Charlie,72,60,93,47
159,L1M3f,LINE,L1,263,275,100,191
160,L1M3d,LINE,L1,183,153,104,128
161,L1M3e,LINE,L1,465,408,405,330
162,LTR47B4,LTR,ERVL,19,56,40,28
163,MLT2C2,LTR,ERVL,170,286,257,86
164,MER92C,LTR,ERV1,20,16,29,0
165,MER92B,LTR,ERV1,396,557,417,360
166,CR1-13_AMi,LINE,CR1,44,16,44,8
167,MER134,DNA?,DNA?,0,0,0,0
168,LTR47B2,LTR,ERVL,60,73,40,24
169,LTR47B3,LTR,ERVL,28,23,48,4
170,LTR1A2,LTR,ERV1,430,470,229,170
171,MER51A,LTR,ERV1,502,609,576,535
172,MER51B,LTR,ERV1,300,219,204,94
173,LTR1A1,LTR,ERV1,73,161,104,88
174,MER51D,LTR,ERV1,38,11,16,48
175,MER51E,LTR,ERV1,92,24,24,20
176,Tigger5,DNA,TcMar-Tigger,350,333,364,169
177,HERV4_I-int,LTR,ERV1,252,267,139,245
178,LTR86C,LTR,ERVL,139,103,79,24
179,MER45C,DNA,hAT-Tip100,337,247,318,180
180,MER45B,DNA,hAT-Tip100,225,299,211,195
181,L3b,LINE,CR1,3782,4026,3998,2740
182,LTR108e_Mam,LTR,ERVL,0,0,20,27
183,MER75A,DNA,PiggyBac,0,28,48,12
184,MER83B-int,LTR,ERV1,136,116,12,48
185,Tigger11a,DNA,TcMar-Tigger,251,400,700,393
186,Ricksha,DNA,MULE-MuDR,9,43,39,12
187,MER57A-int,LTR,ERV1,1225,1136,1075,812
188,HERVL66-int,LTR,ERVL,89,105,71,69
189,L1MA1,LINE,L1,1538,1691,1541,1098
190,L1MA2,LINE,L1,3092,3109,2513,1828
191,L1MA3,LINE,L1,3524,3888,3319,3238
192,L1MA4,LINE,L1,3801,4004,3235,2981
193,AluYc,SINE,Alu,342,687,456,402
194,L1MA6,LINE,L1,1540,1666,1683,1330
195,L1MA7,LINE,L1,1934,2337,2592,1930
196,Charlie29a,DNA,hAT-Charlie,540,641,999,693
197,L1MA9,LINE,L1,3839,3877,3535,3276
198,MER4D1,LTR,ERV1,466,568,420,262
199,THE1C-int,LTR,ERVL-MaLR,1153,1217,771,683
200,UCON16,Unknown,Unknown,4,0,0,0
201,tRNA-Leu-TTG,tRNA,tRNA,0,0,0,0
202,tRNA-Gln-CAA,tRNA,tRNA,0,0,8,0
203,ERVL-int,LTR,ERVL,278,358,295,333
204,tRNA-Leu-TTA,tRNA,tRNA,0,0,27,0
205,tRNA-Gln-CAG,tRNA,tRNA,0,12,0,0
206,_GAATG_n,Satellite,Satellite,2,75,24,14
207,MLT1G-int,LTR,ERVL-MaLR,72,112,100,40
208,MER2B,DNA,TcMar-Tigger,942,953,919,798
209,UCON12,Unknown,Unknown,0,0,0,0
210,MER30,DNA,hAT-Charlie,1457,1674,1521,1247
211,SSU-rRNA_Hsa,rRNA,rRNA,6271,5585,14502,8659
212,Charlie19a,DNA,hAT-Charlie,665,770,484,550
213,MLT1-int,LTR,ERVL-MaLR,11,36,34,90
214,UCON17,Unknown,Unknown,0,0,0,0
215,UCON14,DNA?,DNA?,32,20,40,12
216,MLT1E2,LTR,ERVL-MaLR,2036,2695,1363,823
217,MER21-int,LTR,ERVL,513,510,338,409
218,UCON18,Unknown,Unknown,0,0,0,0
219,MIR,SINE,MIR,56321,57429,51202,40038
220,_CATTC_n,Satellite,Satellite,11,8,2,0
221,MLT1E1,LTR,ERVL-MaLR,175,216,98,199
222,MER92-int,LTR,ERV1,247,168,175,238
223,tRNA-Asn-AAC,tRNA,tRNA,0,0,0,0
224,THE1A-int,LTR,ERVL-MaLR,1828,1645,2102,1537
225,tRNA-Val-GTA,tRNA,tRNA,4,0,0,0
226,LTR72B,LTR,ERV1,44,62,4,0
227,Charlie4z,DNA,hAT-Charlie,2323,2606,3236,2436
228,Tigger1a_Mars,DNA,TcMar-Tigger,0,0,0,0
229,MLT1F2,LTR,ERVL-MaLR,2285,2118,1838,1083
230,Charlie4a,DNA,hAT-Charlie,1177,1444,1252,1277
231,MLT1F1,LTR,ERVL-MaLR,1331,1365,1074,669
232,tRNA-Cys-TGY,tRNA,tRNA,12,0,20,4
233,tRNA-Gln-CAA_,tRNA,tRNA,0,0,0,0
234,ERVL-E-int,LTR,ERVL,2790,2256,1844,1742
235,X2_LINE,LINE,CR1,0,12,19,12
236,X7A_LINE,LINE,CR1,142,66,239,224
237,UCON8,DNA,DNA,74,83,28,16
238,MER50-int,LTR,ERV1,251,152,165,139
239,LTR54B,LTR,ERV1,299,381,310,253
240,MamRep488,DNA,hAT-Tip100,104,147,64,60
241,MER84-int,LTR,ERV1,47,68,9,35
242,LTR102_Mam,LTR,ERVL,126,73,56,88
243,PABL_B-int,LTR,ERV1,353,496,506,422
244,MER41-int,LTR,ERV1,766,746,615,737
245,Eulor6C,DNA?,DNA?,0,0,0,0
246,L1MA4A,LINE,L1,3383,3999,2409,2277
247,HERVIP10FH-int,LTR,ERV1,310,350,402,280
248,tRNA-Met_,tRNA,tRNA,28,12,0,0
249,MER67D,LTR,ERV1,108,239,45,64
250,MLT1H1,LTR,ERVL-MaLR,754,650,646,527
251,AluYh3,SINE,Alu,458,223,294,263
252,AluYk4,SINE,Alu,156,195,188,161
253,AluYk2,SINE,Alu,106,146,182,90
254,AluYk3,SINE,Alu,210,205,209,120
255,LTR27B,LTR,ERV1,108,181,67,28
256,MER8,DNA,TcMar-Tigger,940,1223,919,901
257,tRNA-Leu-CTA,tRNA,tRNA,0,0,0,0
258,MSTC,LTR,ERVL-MaLR,1129,1341,911,820
259,LTR2752,LTR,ERV1,230,201,64,91
260,UCON39,DNA,TcMar-Tigger,277,160,395,204
261,LTR39-int,LTR,ERV1,16,0,16,56
262,HSAT5,Satellite,Satellite,91,76,28,56
263,HSAT4,Satellite,centr,178,291,148,237
264,LTR22B1,LTR,ERVK,172,239,121,95
265,L1ME3E,LINE,L1,1513,1819,1728,1307
266,UCON89,DNA,hAT?,11,8,20,8
267,LTR46-int,LTR,ERV1,497,791,277,227
268,tRNA-Thr-ACG,tRNA,tRNA,0,0,0,0
269,L1P4b,LINE,L1,8,46,24,0
270,Zaphod3,DNA,hAT-Tip100,298,246,214,64
271,L1PBa,LINE,L1,1128,969,729,540
272,MamRTE1,LINE,RTE-BovB,9597,10651,12566,8982
273,UCON80,DNA,hAT?,56,18,79,35
274,UCON83,SINE?,SINE?,0,0,0,0
275,LTR16D,LTR,ERVL,186,167,152,126
276,LTR16C,LTR,ERVL,1278,1730,1176,940
277,L1PBb,LINE,L1,205,229,130,84
278,LTR16A,LTR,ERVL,1023,1054,489,485
279,UCON86,LINE,L2,24,4,60,8
280,LTR16B2,LTR,ERVL,352,155,176,198
281,SAR,Satellite,Satellite,8,25,8,0
282,MARNA,DNA,TcMar-Mariner,2625,2340,2909,1745
283,LTR16B1,LTR,ERVL,248,217,148,146
284,LTR9A1,LTR,ERV1,195,274,155,128
285,MER58D,DNA,hAT-Charlie,887,893,945,1168
286,MER58C,DNA,hAT-Charlie,1216,1186,1471,900
287,MER58B,DNA,hAT-Charlie,3125,3298,2845,2240
288,MER58A,DNA,hAT-Charlie,4742,5266,6855,5135
289,MamGypLTR2c,LTR,Gypsy,103,63,96,96
290,HSATI,Satellite,Satellite,0,0,0,0
291,Charlie3,DNA,hAT-Charlie,285,141,281,224
292,Charlie1,DNA,hAT-Charlie,1649,1895,1701,1107
293,Charlie6,DNA,hAT-Charlie,198,150,256,136
294,Charlie7,DNA,hAT-Charlie,1362,1296,1253,933
295,Charlie4,DNA,hAT-Charlie,60,29,8,9
296,Charlie5,DNA,hAT-Charlie,572,735,633,547
297,MER39B,LTR,ERV1,738,745,599,340
298,Charlie8,DNA,hAT-Charlie,1606,1372,1446,1217
299,L1MC5,LINE,L1,7835,8907,9443,7220
300,MER101-int,LTR,ERV1,456,590,816,619
301,HSMAR1,DNA,TcMar-Mariner,1479,1173,1648,965
302,LTR42,LTR,ERVL,196,268,260,56
303,LTR41,LTR,ERVL,985,954,1019,859
304,HSMAR2,DNA,TcMar-Mariner,919,1148,1125,670
305,LTR46,LTR,ERV1,269,359,320,164
306,LTR45,LTR,ERV1,113,103,32,16
307,LTR44,LTR,ERV1,68,40,100,43
308,Tigger19a,DNA,TcMar-Tigger,1694,2406,1896,1229
309,LTR49,LTR,ERV1,320,348,374,253
310,LTR48,LTR,ERV1,312,259,297,216
311,AluYb9,SINE,Alu,55,37,82,57
312,AluYb8,SINE,Alu,241,245,369,283
313,LTR38C,LTR,ERV1,44,20,24,0
314,LTR38B,LTR,ERV1,47,8,44,44
315,tRNA-Leu-CTG,tRNA,tRNA,16,0,20,12
316,Tigger4a,DNA,TcMar-Tigger,1225,1568,1277,1448
317,LTR26B,LTR,ERV1,24,152,24,8
318,Alu,SINE,Alu,477,432,590,413
319,LTR26D,LTR,ERV1,59,8,0,3
320,LTR26E,LTR,ERV1,117,108,87,87
321,MER9a2,LTR,ERVK,121,89,194,102
322,HERV15-int,LTR,ERV1,20,41,87,68
323,L1MB8,LINE,L1,10006,10727,10541,9054
324,UCON69,DNA,hAT?,0,0,0,0
325,Charlie14a,DNA,hAT-Charlie,479,606,828,785
326,HERV-Fc2-int,LTR,ERV1,0,0,0,0
327,L1MB1,LINE,L1,1665,1571,1467,1509
328,L1MB3,LINE,L1,9018,9992,9370,7694
329,L1MB2,LINE,L1,5687,5583,6441,5326
330,L1MB5,LINE,L1,4853,5555,4627,4098
331,L1MB4,LINE,L1,5357,5047,5347,4481
332,AluJr4,SINE,Alu,4343,4559,4513,3584
333,L1P4a,LINE,L1,111,155,156,110
334,UCON4,Unknown,Unknown,82,91,60,16
335,UCON71_Crp,Unknown,Unknown,170,44,237,126
336,MamRep4096,DNA,hAT-Tip100,291,282,252,175
337,MER135,DNA,DNA,187,326,281,145
338,THE1-int,LTR,ERVL-MaLR,165,211,218,118
339,HERVS71-int,LTR,ERV1,322,326,496,373
340,HSAT6,Satellite,Satellite,0,0,0,0
341,HERVK11-int,LTR,ERVK,468,447,160,183
342,ACRO1,Satellite,acro,0,5,0,2
343,LTR90A,LTR,LTR,143,223,111,95
344,UCON35,Unknown,Unknown,4,16,4,12
345,LTR90B,LTR,LTR,32,153,24,86
346,LTR27E,LTR,ERV1,124,137,72,28
347,MER65B,LTR,ERV1,16,24,40,16
348,MER65A,LTR,ERV1,246,412,303,179
349,UCON88,Unknown,Unknown,0,0,0,8
350,HERVK3-int,LTR,ERVK,1157,1176,692,727
351,L1ME2z,LINE,L1,2584,3101,3509,2868
352,L1PA11,LINE,L1,1828,2182,1964,1544
353,OldhAT1,DNA,hAT-Ac,3981,4158,5534,3592
354,LTR91,LTR,ERVL,24,0,12,20
355,Charlie1a,DNA,hAT-Charlie,3081,2752,3379,2773
356,Charlie1b,DNA,hAT-Charlie,1280,1464,1614,1292
357,PRIMA41-int,LTR,ERV1,194,136,116,77
358,LTR26C,LTR,ERV1,165,39,43,12
359,LTR27D,LTR,ERV1,72,49,24,0
360,SST1,Satellite,centr,114,145,86,41
361,MER54A,LTR,ERVL,369,357,102,97
362,MER103C,DNA,hAT-Charlie,3768,3910,4262,3279
363,MER51-int,LTR,ERV1,301,240,318,232
364,MER67C,LTR,ERV1,468,275,236,218
365,L1PA15,LINE,L1,3102,3137,2787,2543
366,SVA_C,Retroposon,SVA,235,259,182,129
367,AluYm1,SINE,Alu,703,970,660,508
368,UCON81,DNA,hAT-Charlie,19,0,0,16
369,LTR1D1,LTR,ERV1,228,84,84,92
370,L1PA17,LINE,L1,2119,2016,1418,1335
371,ERV3-16A3_I-int,LTR,ERVL,2283,2363,1484,1187
372,MER34A1,LTR,ERV1,188,234,346,277
373,Tigger16a,DNA,TcMar-Tigger,490,377,465,441
374,THE1B-int,LTR,ERVL-MaLR,2769,3631,1733,2164
375,Tigger9a,DNA,TcMar-Tigger,228,357,315,220
376,Tigger9b,DNA,TcMar-Tigger,343,327,402,194
377,LTR27C,LTR,ERV1,179,188,132,116
378,Charlie18a,DNA,hAT-Charlie,851,740,1700,1201
379,MLT2F,LTR,ERVL,707,566,487,440
380,AluSq10,SINE,Alu,432,353,311,254
381,AluJr,SINE,Alu,19962,21663,20513,14590
382,Charlie10,DNA,hAT-Charlie,341,535,196,324
383,Charlie11,DNA,hAT-Charlie,104,35,24,44
384,Charlie12,DNA,hAT-Charlie,72,28,32,24
385,UCON21,DNA?,DNA?,0,0,0,4
386,L1MEg1,LINE,L1,360,146,295,219
387,L1MEg2,LINE,L1,230,144,204,251
388,Charlie17,DNA,hAT-Charlie,549,331,472,343
389,MER110A,LTR,ERV1,198,143,40,68
390,UCON56,Unknown,Unknown,0,0,0,0
391,UCON82,Unknown,Unknown,0,0,0,0
392,HERVE-int,LTR,ERV1,400,357,279,221
393,MLT1L,LTR,ERVL-MaLR,3217,3025,2790,2623
394,UCON87,Unknown,Unknown,0,0,0,0
395,MLT1H1-int,LTR,ERVL-MaLR,95,39,61,40
396,tRNA-Ala-GCA,tRNA,tRNA,4,0,0,0
397,HUERS-P2-int,LTR,ERV1,68,76,56,28
398,UCON62,DNA?,DNA?,0,0,0,0
399,MLT1E3-int,LTR,ERVL-MaLR,56,46,14,28
400,L2a,LINE,L2,96119,96150,82503,67371
401,Kanga1,DNA,TcMar-Tc2,131,94,127,94
402,MamGyp-int,LTR,Gypsy,676,623,481,276
403,CR1-3_Croc,LINE,CR1,791,670,614,432
404,LTR22E,LTR,ERVK,53,48,325,99
405,MER76-int,LTR,ERVL,64,75,44,96
406,UCON60,Unknown,Unknown,0,0,0,12
407,ERVL-B4-int,LTR,ERVL,1925,1976,1560,1164
408,LTR22B,LTR,ERVK,27,97,34,52
409,LTR22C,LTR,ERVK,15,12,3,3
410,MER81,DNA,hAT-Blackjack,489,402,259,295
411,MLT1H2,LTR,ERVL-MaLR,2502,2258,4233,3383
412,UCON23,DNA,hAT-Tip100?,15,27,8,4
413,MST-int,LTR,ERVL-MaLR,1243,881,179,108
414,UCON12A,Unknown,Unknown,0,0,0,0
415,UCON31,Unknown,Unknown,0,0,28,0
416,UCON51,LTR?,LTR?,0,0,0,12
417,CR1-16_AMi,LINE,CR1,48,28,24,100
418,L4_A_Mam,LINE,RTE-X,1600,1751,1758,1175
419,HERVH-int,LTR,ERV1,6782,7969,6964,4208
420,AluSg4,SINE,Alu,1168,1570,1521,1160
421,LTR23-int,LTR,ERV1,28,34,13,10
422,LTR88c,LTR,Gypsy?,59,90,107,52
423,MamTip1,DNA,hAT-Tip100,197,172,127,140
424,UCON48,Unknown,Unknown,0,12,4,20
425,MamTip3,DNA,hAT-Tip100,139,170,124,99
426,MamTip2,DNA,hAT-Tip100,1799,1724,1968,1218
427,THE1C,LTR,ERVL-MaLR,1889,1685,1738,1695
428,THE1B,LTR,ERVL-MaLR,4571,4714,3446,3083
429,THE1A,LTR,ERVL-MaLR,1733,1757,1851,1124
430,UCON46,Unknown,Unknown,16,0,0,24
431,UCON41,Unknown,Unknown,0,0,0,0
432,UCON40,Unknown,Unknown,88,116,204,307
433,UCON43,Unknown,Unknown,4,0,8,0
434,MER84,LTR,ERV1,205,143,180,142
435,MER4CL34,LTR,ERV1,104,96,104,208
436,LTR1,LTR,ERV1,51,32,79,64
437,MamRep1161,DNA,TcMar-Tigger,0,0,0,8
438,HERV1_I-int,LTR,ERV1,108,120,100,144
439,LTR53B,LTR,ERVL,28,24,36,16
440,UCON68,Unknown,Unknown,0,0,0,0
441,Eulor2A,DNA?,DNA?,4,0,32,8
442,Eulor2B,DNA?,DNA?,40,24,92,20
443,Eulor2C,DNA?,DNA?,0,0,0,0
444,L1M4c,LINE,L1,1300,3165,2904,2504
445,L1M4b,LINE,L1,1601,1652,1744,1180
446,LTR109A2,LTR,ERV1,0,0,0,0
447,Plat_L3,LINE,CR1,1095,1097,950,1109
448,tRNA-Pro-CCA,tRNA,tRNA,0,0,0,0
449,tRNA-Pro-CCG,tRNA,tRNA,0,0,0,0
450,X6A_LINE,LINE,CR1,494,667,824,434
451,LTR06,LTR,ERV1,0,4,32,44
452,MER101,LTR,ERV1,174,48,129,32
453,HERVL32-int,LTR,ERVL,1,31,16,20
454,L1PREC2,LINE,L1,3628,4400,3621,3118
455,MamGypLTR2b,LTR,Gypsy,108,75,13,100
456,MER105,DNA,hAT-Charlie,287,280,311,242
457,MER104,DNA,TcMar-Tc2,840,653,850,719
458,MamGypLTR3a,LTR,Gypsy,160,266,130,89
459,MER67B,LTR,ERV1,192,293,116,116
460,U13_,snRNA,snRNA,138,201,91,52
461,tRNA-His-CAY_,tRNA,tRNA,7,17,15,12
462,HERVK-int,LTR,ERVK,243,406,206,134
463,AluYf1,SINE,Alu,317,261,299,233
464,AluSx4,SINE,Alu,2244,2595,2369,1971
465,LTR38A1,LTR,ERV1,16,4,4,20
466,AluSx1,SINE,Alu,18695,21629,19015,14610
467,AluSx3,SINE,Alu,6673,6423,6952,4730
468,L1HS,LINE,L1,659,631,561,462
469,L5,LINE,RTE-X,196,220,220,204
470,MER21C,LTR,ERVL,4016,3294,2719,2316
471,MER21B,LTR,ERVL,2413,2982,2219,1480
472,MER21A,LTR,ERVL,1298,1286,1264,866
473,tRNA-Ser-TCG,tRNA,tRNA,0,0,0,0
474,L2,LINE,L2,35578,35761,26239,23749
475,MIR3,SINE,MIR,33072,35758,32425,24894
476,L3,LINE,CR1,21885,23191,24250,18263
477,Charlie21a,DNA,hAT-Charlie,794,867,807,488
478,ERV24B_Prim-int,LTR,ERV1,92,111,58,72
479,Chompy-6_Croc,DNA,PIF-Harbinger,0,0,0,0
480,MER68-int,LTR,ERVL,234,75,79,96
481,L1M2a1,LINE,L1,71,52,16,32
482,MER88,LTR,ERVL,51,12,0,4
483,LTR75_1,LTR,ERV1,39,81,32,76
484,MER57E1,LTR,ERV1,78,124,150,37
485,MER4A1_,LTR,ERV1,246,303,386,322
486,MER57E3,LTR,ERV1,250,203,351,130
487,HERVK14-int,LTR,ERVK,208,399,117,72
488,GSATX,Satellite,centr,0,28,0,0
489,tRNA-Ser-TCA,tRNA,tRNA,0,0,0,0
490,MER85,DNA,PiggyBac,239,263,420,374
491,LTR16A2,LTR,ERVL,232,296,248,266
492,LTR16A1,LTR,ERVL,555,500,707,532
493,LTR19-int,LTR,ERV1,274,249,281,148
494,LTR71A,LTR,ERV1,68,84,72,48
495,LTR71B,LTR,ERV1,98,99,37,83
496,Charlie9,DNA,hAT-Charlie,836,739,705,647
497,MLT1J-int,LTR,ERVL-MaLR,209,342,397,219
498,MER61C,LTR,ERV1,80,72,22,36
499,MER61B,LTR,ERV1,111,60,131,28
500,MER61A,LTR,ERV1,140,87,76,72
501,Tigger5b,DNA,TcMar-Tigger,1018,666,1119,575
502,MER61F,LTR,ERV1,35,60,28,20
503,MER61E,LTR,ERV1,127,129,349,282
504,MER61D,LTR,ERV1,61,32,20,8
505,MER136,DNA,DNA,4,0,8,0
506,MER75,DNA,PiggyBac,27,63,227,132
507,MER76,LTR,ERVL,221,127,154,115
508,MER77,LTR,ERVL,920,930,944,922
509,MER72,LTR,ERV1,410,352,256,159
510,MER73,LTR,ERVL,85,92,90,32
511,L1MC5a,LINE,L1,9244,10224,10678,8375
512,UCON33,DNA,TcMar-Tigger,12,23,12,16
513,Helitron1Na_Mam,RC,Helitron,47,28,40,12
514,LTR12C,LTR,ERV1,1737,1177,1080,995
515,LTR12B,LTR,ERV1,15,29,11,14
516,MER61-int,LTR,ERV1,374,428,368,390
517,tRNA-Ile-ATA,tRNA,tRNA,40,43,54,32
518,LTR12F,LTR,ERV1,98,98,104,83
519,LTR12E,LTR,ERV1,177,158,122,100
520,LTR12D,LTR,ERV1,220,120,132,135
521,tRNA-Met,tRNA,tRNA,20,24,12,12
522,HERV30-int,LTR,ERV1,44,52,32,28
523,tRNA-Ser-TCY,tRNA,tRNA,8,11,0,0
524,U13,snRNA,snRNA,67,87,140,132
525,LTR47A2,LTR,ERVL,302,243,152,128
526,LTR40a,LTR,ERVL,607,426,423,385
527,LTR40b,LTR,ERVL,432,606,353,330
528,LTR33A_,LTR,ERVL,425,348,168,352
529,LTR12_,LTR,ERV1,156,282,120,59
530,UCON96,Unknown,Unknown,0,0,20,8
531,MLT1M-int,LTR,ERVL-MaLR,0,0,0,0
532,Eulor9A,DNA,DNA,44,28,28,27
533,MamGypsy2-LTR,LTR,Gypsy,113,98,55,92
534,Eulor9C,DNA,DNA,0,0,8,16
535,Eulor9B,DNA,DNA,4,0,0,0
536,tRNA-Met-i,tRNA,tRNA,0,0,0,0
537,MER123,DNA?,DNA?,8,4,8,0
538,BSR_Beta,Satellite,Satellite,402,347,358,251
539,LTR2,LTR,ERV1,656,453,430,245
540,MER2,DNA,TcMar-Tigger,3925,4422,5215,4138
541,MER3,DNA,hAT-Charlie,3133,3200,3542,2746
542,Arthur1C,DNA,hAT-Tip100,208,178,132,96
543,HERVL74-int,LTR,ERVL,200,272,333,284
544,Arthur1A,DNA,hAT-Tip100,351,379,376,255
545,HERV1_LTRa,LTR,ERV1,40,67,45,35
546,HERV1_LTRc,LTR,ERV1,19,0,32,0
547,HERV1_LTRb,LTR,ERV1,36,0,32,0
548,HERV1_LTRe,LTR,ERV1,0,0,12,0
549,HERV1_LTRd,LTR,ERV1,0,24,4,0
550,MER4-int,LTR,ERV1,1402,1803,1340,780
551,Tigger4b,DNA,TcMar-Tigger,1297,1745,1999,1521
552,MER106B,DNA,hAT-Charlie,178,416,303,323
553,MER106A,DNA,hAT-Charlie,294,237,342,219
554,MamGypLTR1a,LTR,Gypsy,73,106,100,28
555,L1M3de,LINE,L1,98,134,177,91
556,MamGypLTR1b,LTR,Gypsy,368,564,1825,1356
557,MamGypLTR1d,LTR,Gypsy,99,72,103,60
558,L1PA15-16,LINE,L1,571,509,229,343
559,MER44D,DNA,TcMar-Tigger,238,294,277,348
560,MER113,DNA,hAT-Charlie,1177,958,893,737
561,tRNA-Val-GTY,tRNA,tRNA,0,0,8,0
562,LTR3B_,LTR,ERVK,265,211,189,164
563,MER65C,LTR,ERV1,1174,1583,1474,993
564,HERV-Fc2_LTR,LTR,ERV1,0,0,0,0
565,MER41A,LTR,ERV1,489,734,579,472
566,MER66-int,LTR,ERV1,359,397,265,217
567,TAR1,Satellite,telo,4,33,2,7
568,Tigger16b,DNA,TcMar-Tigger,800,855,851,790
569,MER74C,LTR,ERVL,0,24,28,40
570,UCON84,Unknown,Unknown,0,0,0,0
571,MLT2A1,LTR,ERVL,691,448,415,296
572,U4,snRNA,snRNA,216,82,159,184
573,MLT1E-int,LTR,ERVL-MaLR,0,0,0,0
574,MER74B,LTR,ERVL,310,274,248,324
575,L2-1_Crp,LINE,L2,108,12,64,52
576,MLT2A2,LTR,ERVL,954,767,457,585
577,Arthur1B,DNA,hAT-Tip100,368,284,332,303
578,PRIMA4-int,LTR,ERV1,824,600,417,205
579,THE1D-int,LTR,ERVL-MaLR,1249,1373,771,978
580,Mam_R4,LINE,Dong-R4,100,174,35,117
581,MLT1G1,LTR,ERVL-MaLR,1168,1060,1070,1088
582,MLT1G3,LTR,ERVL-MaLR,896,997,510,700
583,Charlie25,DNA,hAT-Charlie,269,109,68,179
584,Charlie24,DNA,hAT-Charlie,520,575,457,378
585,LTR6B,LTR,ERV1,192,146,459,223
586,UCON72,Unknown,Unknown,0,0,4,0
587,tRNA-SeC_e_-TGA,tRNA,tRNA,0,0,8,24
588,MLT1H-int,LTR,ERVL-MaLR,310,277,242,219
589,LOR1a,LTR,ERV1,459,613,395,577
590,Arthur1,DNA,hAT-Tip100,464,375,379,211
591,MLT1J1-int,LTR,ERVL-MaLR,125,161,84,66
592,LOR1b,LTR,ERV1,355,262,205,102
593,LTR10B1,LTR,ERV1,120,162,230,108
594,LTR10B2,LTR,ERV1,44,119,48,20
595,LTR108c_Mam,LTR,ERVL,0,0,0,0
596,MLT1K-int,LTR,ERVL-MaLR,4,0,52,28
597,MIRb,SINE,MIR,73591,75432,65787,52976
598,Charlie13a,DNA,hAT-Charlie,354,250,144,110
599,Charlie13b,DNA,hAT-Charlie,228,273,208,157
600,UCON132b,DNA,hAT-Tip100,103,146,77,125
601,MER63B,DNA,hAT-Blackjack,658,701,564,485
602,LTR39,LTR,ERV1,3800,3988,1294,517
603,UCON78,DNA,DNA,192,134,111,56
604,AluYj4,SINE,Alu,362,393,318,267
605,MER66D,LTR,ERV1,95,16,16,4
606,LTR107_Mam,LTR,LTR,35,43,56,16
607,MER66C,LTR,ERV1,105,124,70,74
608,MER91B,DNA,hAT-Tip100,397,366,281,187
609,MER66A,LTR,ERV1,55,292,136,88
610,Charlie2a,DNA,hAT-Charlie,1071,966,800,714
611,Charlie2b,DNA,hAT-Charlie,1318,1256,1100,966
612,L1MA8,LINE,L1,2999,3437,3082,2513
613,MER50B,LTR,ERV1,84,95,84,81
614,MIRc,SINE,MIR,33224,33999,28209,23030
615,tRNA-Lys-AAA,tRNA,tRNA,44,16,0,20
616,LTR22C0,LTR,ERVK,128,30,99,103
617,X1_LINE,LINE,CR1,20,52,4,0
618,LTR22C2,LTR,ERVK,19,15,5,0
619,MER46C,DNA,TcMar-Tigger,1913,2212,2524,2035
620,MER31B,LTR,ERV1,641,520,438,369
621,MamRep38,DNA,hAT,648,703,387,289
622,MER31A,LTR,ERV1,438,334,310,350
623,MER107,DNA,hAT-Charlie,109,64,139,57
624,L4_B_Mam,LINE,RTE-X,987,951,935,739
625,MER34D,LTR,ERV1,76,104,80,83
626,LTR88b,LTR,Gypsy?,185,280,236,251
627,MamRep1151,LTR?,LTR?,972,1675,162,235
628,MER20,DNA,hAT-Charlie,7212,6859,6484,4921
629,LTR30,LTR,ERV1,133,140,70,26
630,LTR7,LTR,ERV1,680,917,427,298
631,LTR16E2,LTR,ERVL,654,605,424,347
632,LTR16E1,LTR,ERVL,443,618,394,277
633,LTR43B,LTR,ERV1,23,76,16,20
634,MER49,LTR,ERV1,1434,1219,966,750
635,MER48,LTR,ERV1,51,24,28,40
636,PRIMAX-int,LTR,ERV1,0,12,0,0
637,LTR36,LTR,ERV1,232,439,117,281
638,LTR40c,LTR,ERVL,179,135,312,176
639,UCON49,LINE,L2,50,44,16,24
640,UCON105,Unknown,Unknown,115,100,88,143
641,PRIMA4_LTR,LTR,ERV1,174,121,65,55
642,HERVK22-int,LTR,ERVK,1362,1275,1288,745
643,tRNA-Arg-CGG,tRNA,tRNA,0,0,0,0
644,Tigger6a,DNA,TcMar-Tigger,787,768,271,464
645,Tigger6b,DNA,TcMar-Tigger,23,51,40,60
646,SVA_F,Retroposon,SVA,468,392,315,251
647,tRNA-Arg-CGA,tRNA,tRNA,0,0,0,0
648,MER52D,LTR,ERV1,134,264,148,96
649,L1MCb,LINE,L1,367,320,218,224
650,L1MCc,LINE,L1,765,966,822,865
651,L1PB2,LINE,L1,924,838,853,559
652,L1MCa,LINE,L1,1522,1791,1476,1135
653,L1PB4,LINE,L1,1891,2222,1950,1301
654,MER72B,LTR,ERV1,39,75,32,16
655,MER102b,DNA,hAT-Charlie,2215,2425,2167,1567
656,MER102c,DNA,hAT-Charlie,1439,1284,1531,1046
657,MER102a,DNA,hAT-Charlie,1534,1415,1138,829
658,LTR58,LTR,ERV1,16,35,80,24
659,AluYa5,SINE,Alu,218,264,135,163
660,tRNA-Arg-AGG,tRNA,tRNA,0,0,0,31
661,LTR53-int,LTR,ERVL,435,475,180,131
662,AluYa8,SINE,Alu,16,39,35,13
663,LTR55,LTR,ERVL?,95,48,36,59
664,LTR56,LTR,ERV1,393,247,274,264
665,LTR57,LTR,ERVL,138,100,48,76
666,LTR45C,LTR,ERV1,101,154,114,96
667,LTR45B,LTR,ERV1,135,163,129,40
668,LTR52,LTR,ERVL,282,278,72,263
669,LTR53,LTR,ERVL,240,402,209,111
670,MER39,LTR,ERV1,534,984,623,410
671,MER34B-int,LTR,ERV1,155,116,316,184
672,LTR75B,LTR,ERVL,60,10,44,74
673,CR1-12_AMi,LINE,CR1,59,24,40,0
674,CR1_Mam,LINE,CR1,635,585,744,606
675,MER33,DNA,hAT-Charlie,3630,3786,3491,2897
676,MER34,LTR,ERV1,393,241,267,195
677,L1P4d,LINE,L1,15,0,5,12
678,MLT1G3-int,LTR,ERVL-MaLR,72,24,60,56
679,HERVI-int,LTR,ERV1,107,166,93,74
680,Eulor6A,DNA?,DNA?,0,0,0,0
681,Eulor6B,DNA?,DNA?,0,0,0,0
682,L1P4e,LINE,L1,44,33,12,42
683,Eulor6D,DNA?,DNA?,39,16,16,0
684,Eulor6E,DNA?,DNA?,4,52,0,0
685,MER83A-int,LTR,ERV1,96,24,24,20
686,MER44C,DNA,TcMar-Tigger,1066,950,775,728
687,L1MC2,LINE,L1,2955,3584,3100,2566
688,L1MC3,LINE,L1,4307,5167,4144,3605
689,FRAM,SINE,Alu,1092,1256,1592,1303
690,L1MC1,LINE,L1,9027,10128,8392,6882
691,MLT1M,LTR,ERVL-MaLR,395,706,451,334
692,L1MC4,LINE,L1,14949,15342,14230,11588
693,HERV9-int,LTR,ERV1,366,503,159,163
694,X8_LINE,LINE,CR1,74,72,119,44
695,L2b,LINE,L2,54121,53425,45431,37759
696,L1MB7,LINE,L1,16148,17891,16610,12651
697,LTR81C,LTR,Gypsy,24,76,50,12
698,LTR38-int,LTR,ERV1,64,20,44,0
699,Helitron1Nb_Mam,RC,Helitron,48,55,62,16
700,LTR5A,LTR,ERVK,259,335,301,143
701,LTR5B,LTR,ERVK,436,516,373,228
702,LTR81B,LTR,Gypsy,132,253,71,107
703,BC200,scRNA,scRNA,7,105,189,120
704,L4_C_Mam,LINE,RTE-X,1385,1579,1318,1107
705,LTR81A,LTR,Gypsy,92,62,135,94
706,LTR28B,LTR,ERV1,254,93,64,72
707,LTR28C,LTR,ERV1,150,360,83,112
708,LTR104_Mam,LTR,Gypsy,674,1295,186,212
709,Tigger17,DNA,TcMar-Tigger,44,0,24,12
710,Tigger10,DNA,TcMar-Tigger,822,1274,1151,1242
711,MLT1F2-int,LTR,ERVL-MaLR,14,67,48,51
712,Tigger12,DNA,TcMar-Tigger,445,412,346,470
713,MER4E,LTR,ERV1,424,245,332,279
714,MER4D,LTR,ERV1,632,531,418,310
715,tRNA-Ser-TCA_,tRNA,tRNA,0,0,0,8
716,MER4A,LTR,ERV1,555,532,753,385
717,MLT1E,LTR,ERVL-MaLR,62,268,122,88
718,MER4C,LTR,ERV1,159,150,112,72
719,MER4B,LTR,ERV1,6152,4263,1181,925
720,MSTA-int,LTR,ERVL-MaLR,1980,2417,1507,1173
721,MLT1J2-int,LTR,ERVL-MaLR,121,99,44,26
722,MLT1D-int,LTR,ERVL-MaLR,2038,2055,1893,1910
723,HERV-Fc1_LTR1,LTR,ERV1,0,9,0,0
724,HERV-Fc1_LTR2,LTR,ERV1,0,0,0,0
725,HERV-Fc1_LTR3,LTR,ERV1,0,0,0,0
726,LTR50,LTR,ERVL,1173,1299,873,687
727,MER6,DNA,TcMar-Tigger,312,353,316,375
728,LTR80A,LTR,ERVL,49,38,56,8
729,LTR80B,LTR,ERVL,76,105,52,36
730,HAL1,LINE,L1,9923,11039,10806,8336
731,Chompy-7_Croc,DNA,PIF-Harbinger,4,0,0,0
732,HERV9NC-int,LTR,ERV1,255,200,147,185
733,MLT2D,LTR,ERVL,1853,1715,908,767
734,MLT2E,LTR,ERVL,10,107,100,20
735,GSAT,Satellite,centr,20,0,0,0
736,MER34A,LTR,ERV1,354,180,163,162
737,HUERS-P1-int,LTR,ERV1,192,93,176,154
738,MER34C,LTR,ERV1,31,54,4,16
739,MER34B,LTR,ERV1,730,584,388,174
740,Ricksha_0,DNA,MULE-MuDR,160,133,206,102
741,ORSL-2b,DNA,hAT-Tip100,120,209,188,139
742,DNA1_Mam,DNA,TcMar,51,130,24,83
743,PrimLTR79,LTR,ERV1,56,108,72,64
744,LTR57-int,LTR,ERVL,87,143,90,40
745,LTR8B,LTR,ERV1,712,776,447,566
746,LTR8A,LTR,ERV1,1184,1433,880,683
747,Tigger12A,DNA,TcMar-Tigger,304,217,470,305
748,L1ME4a,LINE,L1,9293,10968,12121,8409
749,UCON9,Unknown,Unknown,0,0,0,0
750,L1ME4c,LINE,L1,3373,4196,3709,3062
751,L1ME4b,LINE,L1,10189,12398,11755,8852
752,LTR89,LTR,ERVL?,324,363,278,253
753,LTR14A,LTR,ERVK,24,31,16,0
754,LTR87,LTR,ERVL?,420,344,408,444
755,UCON1,Unknown,Unknown,0,0,0,4
756,UCON2,DNA?,DNA?,35,32,20,66
757,ORSL-2a,DNA,hAT-Tip100,84,114,147,118
758,LTR83,LTR,ERVL,128,136,172,72
759,UCON5,Unknown,Unknown,20,32,4,0
760,LTR81,LTR,Gypsy,32,28,12,12
761,UCON7,DNA?,DNA?,0,0,0,0
762,MER121B,DNA,hAT?,0,0,0,0
763,MER65D,LTR,ERV1,105,113,69,24
764,MER124,DNA?,DNA?,301,349,398,280
765,MER57-int,LTR,ERV1,370,528,287,466
766,UCON93,Unknown,Unknown,0,0,0,0
767,Charlie17a,DNA,hAT-Charlie,324,284,250,288
768,Charlie17b,DNA,hAT-Charlie,122,95,72,92
769,HUERS-P3-int,LTR,ERV1,628,554,2107,1387
770,MER34-int,LTR,ERV1,999,817,1721,865
771,UCON79,DNA?,DNA?,16,0,0,0
772,UCON61,Unknown,Unknown,0,0,0,0
773,Eulor8,DNA,TcMar?,32,12,0,4
774,UCON70,Unknown,Unknown,141,88,99,64
775,Eulor4,Unknown,Unknown,0,0,0,0
776,7SK,RNA,RNA,169711,86504,89659,65122
777,UCON73,Unknown,Unknown,12,40,135,120
778,L1P,LINE,L1,3,14,3,12
779,UCON75,Unknown,Unknown,0,0,0,0
780,Eulor3,DNA?,DNA?,0,0,0,0
781,UCON77,Unknown,Unknown,0,0,0,0
782,LTR25-int,LTR,ERV1,784,820,938,739
783,L1M,LINE,L1,111,167,203,104
784,Zaphod,DNA,hAT-Tip100,300,340,265,136
785,Tigger18a,DNA,TcMar-Tigger,527,406,586,467
786,tRNA-Arg-CGY_,tRNA,tRNA,0,0,0,0
787,Tigger3,DNA,TcMar-Tigger,531,381,449,428
788,MLT1I-int,LTR,ERVL-MaLR,137,176,141,26
789,MER4B-int,LTR,ERV1,370,313,304,156
790,LTR106_Mam,LTR,LTR,41,110,72,40
791,X6B_LINE,LINE,CR1,451,334,472,389
792,MLT1A-int,LTR,ERVL-MaLR,384,557,398,293
793,tRNA-Ile-ATC,tRNA,tRNA,0,0,3,0
794,Eulor11,DNA,DNA,32,56,20,0
795,Eulor10,DNA?,DNA?,0,0,0,0
796,Eulor12,DNA?,DNA?,0,0,0,0
797,MamGypLTR1c,LTR,Gypsy,172,143,132,88
798,LTR48B,LTR,ERV1,1544,1519,881,815
799,Tigger4,DNA,TcMar-Tigger,839,951,696,635
800,tRNA-Ile-ATT,tRNA,tRNA,28,4,56,28
801,AluYe5,SINE,Alu,174,193,125,211
802,AluYe6,SINE,Alu,35,65,71,28
803,LTR13,LTR,ERVK,1134,1473,1112,732
804,LTR14,LTR,ERVK,156,52,57,10
805,LTR15,LTR,ERV1,211,257,336,208
806,LTR16,LTR,ERVL,431,754,386,289
807,LTR17,LTR,ERV1,574,392,331,288
808,tRNA-Leu-CTA_,tRNA,tRNA,0,0,0,0
809,MER5A1,DNA,hAT-Charlie,4217,3668,2827,2450
810,LTR78B,LTR,ERV1,439,476,427,316
811,MER97d,DNA,hAT-Tip100,24,43,134,64
812,MLT1I,LTR,ERVL-MaLR,1935,2085,2077,1512
813,MER9B,LTR,ERVK,4,46,0,8
814,LTR51,LTR,ERV1,134,48,80,84
815,X7C_LINE,LINE,CR1,216,259,127,136
816,Merlin1_HS,DNA,Merlin,39,45,44,12
817,LTR40A1,LTR,ERVL,271,151,202,68
818,LTR41C,LTR,ERVL,333,150,244,159
819,LTR41B,LTR,ERVL,516,412,1026,570
820,Kanga2_a,DNA,TcMar-Tc2,782,945,953,671
821,LTR29,LTR,ERV1,69,336,192,131
822,LTR14C,LTR,ERVK,13,40,3,0
823,LTR14B,LTR,ERVK,242,182,116,56
824,LTR22B2,LTR,ERVK,0,0,24,0
825,MER101B,LTR,ERV1,12,0,52,28
826,MSTB1,LTR,ERVL-MaLR,1357,1342,1058,630
827,LTR103b_Mam,LTR,ERV1?,75,24,64,40
828,AluYk11,SINE,Alu,148,142,185,107
829,AluYk12,SINE,Alu,35,31,30,34
830,LTR33B,LTR,ERVL,314,313,293,240
831,HERVE_a-int,LTR,ERV1,125,104,88,62
832,LTR33A,LTR,ERVL,452,372,262,217
833,U14,snRNA,snRNA,15,24,64,100
834,LTR105_Mam,LTR,ERVL,88,119,60,104
835,Tigger19b,DNA,TcMar-Tigger,1618,1637,2070,1584
836,Helitron3Na_Mam,RC,Helitron,272,160,259,257
837,L1PA2,LINE,L1,934,1014,758,725
838,L1PA5,LINE,L1,3212,3275,2844,2526
839,L1PA4,LINE,L1,2158,2845,2029,1651
840,L1PA7,LINE,L1,6790,6661,5793,5288
841,L1PA6,LINE,L1,11813,16509,20564,18541
842,L1PA8,LINE,L1,3186,2745,2376,1804
843,MER90,LTR,ERV1,151,301,185,134
844,L1P4c,LINE,L1,0,0,0,0
845,MER94,DNA,hAT-Blackjack,1490,969,1264,1137
846,MER11A,LTR,ERVK,485,516,393,340
847,LTR65,LTR,ERV1,183,313,246,178
848,LTR64,LTR,ERV1,112,127,116,90
849,LTR1B,LTR,ERV1,431,437,844,352
850,LTR1C,LTR,ERV1,12,4,12,8
851,LTR1D,LTR,ERV1,249,139,71,121
852,LTR1E,LTR,ERV1,29,98,40,28
853,LTR1F,LTR,ERV1,44,20,57,0
854,LTR62,LTR,ERVL,64,88,100,104
855,MER41B,LTR,ERV1,871,806,571,413
856,MER5B,DNA,hAT-Charlie,6707,6911,6457,5646
857,MER67A,LTR,ERV1,526,414,248,113
858,hAT-N1_Mam,DNA,hAT-Tip100?,186,161,180,102
859,LTR69,LTR,ERVL,74,32,19,16
860,LTR68,LTR,ERV1,33,81,99,10
861,MER5C,DNA,hAT-Charlie,377,332,363,504
862,tRNA-His-CAY,tRNA,tRNA,0,0,0,0
863,AluSg,SINE,Alu,6605,6746,7241,5221
864,MER54B,LTR,ERVL,98,119,88,12
865,MER70A,LTR,ERVL,267,216,76,64
866,Tigger17c,DNA,TcMar-Tigger,473,671,378,518
867,LTR10F,LTR,ERV1,176,119,158,64
868,LTR24B,LTR,ERV1,424,498,210,189
869,Eulor7,DNA?,DNA?,0,0,0,0
870,MER97c,DNA,hAT-Tip100,12,36,32,28
871,L1MD3,LINE,L1,1697,1734,2352,1648
872,L1MD2,LINE,L1,4749,5702,4612,3764
873,L1MD1,LINE,L1,2900,3130,2521,2357
874,HERV17-int,LTR,ERV1,714,575,686,385
875,LTR1C1,LTR,ERV1,8,18,29,4
876,LTR1C3,LTR,ERV1,27,0,0,8
877,Eulor1,DNA,DNA,0,0,0,36
878,MER70B,LTR,ERVL,28,56,56,24
879,tRNA-Gly-GGY,tRNA,tRNA,0,0,8,2
880,LTR84a,LTR,ERVL,209,156,179,72
881,LTR84b,LTR,ERVL,364,551,235,190
882,UCON6,Unknown,Unknown,127,205,212,180
883,tRNA-Gly-GGG,tRNA,tRNA,0,0,0,0
884,MLT1G1-int,LTR,ERVL-MaLR,71,89,52,36
885,MER77B,LTR,ERVL,824,776,617,494
886,MER132,DNA,TcMar-Pogo,0,0,0,0
887,Tigger17b,DNA,TcMar-Tigger,84,0,40,36
888,L1ME3A,LINE,L1,6592,6432,6380,5040
889,L1ME3B,LINE,L1,3728,4332,4320,3493
890,L1ME3C,LINE,L1,917,1125,722,744
891,L1ME3D,LINE,L1,1604,1921,2226,1655
892,L1MEf,LINE,L1,3790,4007,6184,4140
893,L1ME3F,LINE,L1,2408,3295,3111,2676
894,L1ME3G,LINE,L1,6698,7229,6572,5337
895,Tigger1a_Art,DNA,TcMar-Tigger,69,143,36,72
896,MER57F,LTR,ERV1,84,56,68,33
897,MER57D,LTR,ERV1,227,98,64,67
898,MER47C,DNA,TcMar-Tigger,357,320,292,241
899,MER47B,DNA,TcMar-Tigger,183,267,228,220
900,MER47A,DNA,TcMar-Tigger,1479,1661,1588,1313
901,SVA_D,Retroposon,SVA,402,588,369,282
902,SVA_E,Retroposon,SVA,184,179,144,97
903,D20S16,Satellite,Satellite,36,48,28,0
904,MER30B,DNA,hAT-Charlie,39,116,30,45
905,SVA_A,Retroposon,SVA,621,618,361,386
906,SVA_B,Retroposon,SVA,317,267,217,149
907,FAM,SINE,Alu,944,1355,1331,1021
908,MER89-int,LTR,ERV1,138,150,117,45
909,MER90a,LTR,ERV1,763,544,474,356
910,MER97a,DNA,hAT-Tip100,16,40,8,24
911,tRNA-Thr-ACY_,tRNA,tRNA,0,0,0,0
912,MLT1F-int,LTR,ERVL-MaLR,215,422,177,203
913,MER34C_,LTR,ERV1,89,103,69,43
914,Tigger14a,DNA,TcMar-Tigger,374,515,386,496
915,MSTD-int,LTR,ERVL-MaLR,281,461,270,277
916,Charlie22a,DNA,hAT-Charlie,246,392,443,330
917,L1MC4a,LINE,L1,6278,6881,5082,4984
918,Helitron2Na_Mam,RC?,Helitron?,122,82,409,227
919,Ricksha_a,DNA,MULE-MuDR,0,0,24,56
920,LFSINE_Vert,SINE,tRNA,1242,860,1469,1221
921,L1MDb,LINE,L1,403,224,557,411
922,L1MDa,LINE,L1,2444,3128,2277,1607
923,UCON38,Unknown,Unknown,0,24,36,8
924,7SLRNA,srpRNA,srpRNA,133128,63714,88690,56540
925,MER6B,DNA,TcMar-Tigger,203,224,207,151
926,LOR1-int,LTR,ERV1,769,758,890,874
927,LTR72,LTR,ERV1,92,51,16,104
928,UCON37,Unknown,Unknown,0,12,12,0
929,HERVP71A-int,LTR,ERV1,374,301,77,137
930,L1P3b,LINE,L1,2,7,5,1
931,LTR73,LTR,ERV1,63,87,104,89
932,HERV35I-int,LTR,ERV1,171,257,112,108
933,MER68,LTR,ERVL,1337,1537,1194,802
934,LTR108d_Mam,LTR,ERVL,0,0,0,0
935,MamGypsy2-I,LTR,Gypsy,534,308,316,96
936,tRNA-Tyr-TAT,tRNA,tRNA,0,0,0,0
937,MER110-int,LTR,ERV1,64,96,51,77
938,Tigger2a,DNA,TcMar-Tigger,1062,1277,1046,1111
939,MLT1C-int,LTR,ERVL-MaLR,525,539,226,378
940,HY1,scRNA,scRNA,151,196,289,354
941,HY3,scRNA,scRNA,158,217,318,241
942,HY4,scRNA,scRNA,251,112,163,32
943,HY5,scRNA,scRNA,31,0,4,32
944,MamRep605,LTR?,LTR?,1427,1674,1801,1290
945,tRNA-Thr-ACY,tRNA,tRNA,0,0,0,0
946,MER87,LTR,ERV1,79,133,16,24
947,MER89,LTR,ERV1,375,296,181,144
948,HUERS-P3b-int,LTR,ERV1,626,617,440,505
949,MER133B,DNA?,DNA?,0,0,0,0
950,HERV9N-int,LTR,ERV1,76,195,171,150
951,MER133A,DNA?,DNA?,0,0,0,4
952,Eulor5A,DNA?,DNA?,0,16,31,24
953,5S,rRNA,rRNA,1128,757,1256,1540
954,Eulor5B,DNA?,DNA?,0,4,0,0
955,LTR19B,LTR,ERV1,101,152,114,68
956,LTR19C,LTR,ERV1,189,188,96,63
957,LTR19A,LTR,ERV1,641,319,658,464
958,MLT1J2,LTR,ERVL-MaLR,1396,1634,1115,1033
959,MamRep564,Unknown,Unknown,274,439,463,196
960,UCON28c,Unknown,Unknown,0,4,0,28
961,MLT1J1,LTR,ERVL-MaLR,766,818,731,648
962,UCON34,Unknown,Unknown,591,153,179,88
963,LTR2C,LTR,ERV1,128,279,88,65
964,LTR2B,LTR,ERV1,216,105,153,70
965,HAL1M8,LINE,L1,887,1234,1343,1033
966,AluYi6,SINE,Alu,40,62,63,39
967,MSR1,Satellite,Satellite,285,313,168,75
968,Tigger8,DNA,TcMar-Tigger,367,470,208,343
969,LTR49-int,LTR,ERV1,634,678,696,552
970,MER31-int,LTR,ERV1,261,436,391,203
971,Tigger1,DNA,TcMar-Tigger,10611,10859,12067,9278
972,tRNA-Ala-GCY_,tRNA,tRNA,0,0,0,0
973,Kanga1d,DNA,TcMar-Tc2,85,80,79,119
974,Tigger2,DNA,TcMar-Tigger,2071,1984,1934,1746
975,Kanga1b,DNA,TcMar-Tc2,35,138,64,64
976,Kanga1c,DNA,TcMar-Tc2,139,239,130,93
977,Tigger7,DNA,TcMar-Tigger,2277,2001,1870,1413
978,Kanga1a,DNA,TcMar-Tc2,199,210,207,246
979,L1M3b,LINE,L1,84,88,136,79
980,UCON71,Unknown,Unknown,0,0,0,0
981,LTR10A,LTR,ERV1,184,172,254,208
982,tRNA-Asp-GAY,tRNA,tRNA,12,28,8,0
983,LTR10C,LTR,ERV1,264,283,213,194
984,LTR10B,LTR,ERV1,31,54,4,0
985,LTR10E,LTR,ERV1,123,98,41,74
986,LTR10D,LTR,ERV1,80,146,115,72
987,LTR10G,LTR,ERV1,36,89,36,24
988,AluY,SINE,Alu,11445,12912,11627,8860
989,SATR2,Satellite,Satellite,193,281,158,106
990,LTR16D1,LTR,ERVL,159,167,140,70
991,LTR16D2,LTR,ERVL,81,0,63,88
992,L1M3a,LINE,L1,279,238,365,153
993,MER57B1,LTR,ERV1,163,167,172,190
994,UCON85,Unknown,Unknown,0,0,4,0
995,L2-1_AMi,LINE,L2,547,608,452,490
996,MER57B2,LTR,ERV1,198,238,261,167
997,MamSINE1,SINE,tRNA-RTE,3754,4412,4513,3564
998,UCON11,DNA,TcMar-Tigger,0,0,0,0
999,Tigger3a,DNA,TcMar-Tigger,2914,2355,2143,1719
1000,HERVL40-int,LTR,ERVL,540,614,444,492
1001,MER53,DNA,hAT,808,656,807,713
1002,MER50,LTR,ERV1,594,497,251,276
1003,MER52-int,LTR,ERV1,98,25,38,44
1004,UCON76,Unknown,Unknown,0,0,0,0
1005,Penelope1_Vert,LINE,Penelope,675,502,482,406
1006,MER87B,LTR,ERV1,98,228,88,112
1007,MamRep434,DNA,TcMar-Tigger,1051,800,807,646
1008,HERVFH19-int,LTR,ERV1,152,95,32,46
1009,L2-3_Crp,LINE,L2,836,1110,720,752
1010,HERVK14C-int,LTR,ERVK,33,65,8,6
1011,HAL1ME,LINE,L1,2075,2590,2202,1664
1012,LTR28,LTR,ERV1,20,15,20,28
1013,MLT1A1-int,LTR,ERVL-MaLR,256,310,287,194
1014,FLAM_C,SINE,Alu,4224,4810,4993,3587
1015,LTR81AB,LTR,Gypsy,8,8,8,0
1016,FLAM_A,SINE,Alu,3044,3019,2944,2292
1017,L1M6B,LINE,L1,291,372,235,209
1018,MER121,DNA,hAT?,119,95,75,20
1019,LTR37B,LTR,ERV1,394,271,317,292
1020,LTR23,LTR,ERV1,159,95,149,138
1021,LTR22,LTR,ERVK,20,32,44,43
1022,LTR25,LTR,ERV1,52,102,60,56
1023,LTR12,LTR,ERV1,258,314,180,169
1024,LTR27,LTR,ERV1,4,32,36,20
1025,LTR26,LTR,ERV1,207,206,136,96
1026,LTR7A,LTR,ERV1,19,43,9,3
1027,tRNA-Thr-ACG_,tRNA,tRNA,20,0,0,0
1028,LTR6A,LTR,ERV1,454,344,264,156
1029,LTR37A,LTR,ERV1,143,160,176,226
1030,L1ME3Cz,LINE,L1,3595,3952,4399,3603
1031,MER92D,LTR,ERV1,64,0,0,74
1032,MER4E1,LTR,ERV1,207,405,334,317
1033,MLT1O,LTR,ERVL-MaLR,986,1142,1002,786
1034,U8,snRNA,snRNA,0,0,0,0
1035,U5,snRNA,snRNA,12,0,47,52
1036,MER125,DNA,DNA,0,4,4,0
1037,U7,snRNA,snRNA,18,87,36,46
1038,HAL1b,LINE,L1,1087,1417,1385,1130
1039,U1,snRNA,snRNA,255,160,422,278
1040,U3,snRNA,snRNA,5839,4459,7090,8282
1041,LTR24,LTR,ERV1,230,185,147,187
1042,MLT2B1,LTR,ERVL,608,457,690,381
1043,MER1A,DNA,hAT-Charlie,1720,1690,1487,1437
1044,MER57A1,LTR,ERV1,221,329,213,209
1045,MER127,DNA,TcMar-Tigger,8,79,64,44
1046,MLT1A0-int,LTR,ERVL-MaLR,509,362,172,218
1047,LTR86A1,LTR,ERVL,316,274,228,124
1048,LTR86A2,LTR,ERVL,20,69,76,16
1049,MER126,DNA,DNA,68,80,18,66
1050,tRNA-Arg-CGA_,tRNA,tRNA,0,0,0,0
1051,MER9a1,LTR,ERVK,62,154,105,52
1052,Charlie16a,DNA,hAT-Charlie,759,782,810,632
1053,MER9a3,LTR,ERVK,387,361,169,255
1054,MER63A,DNA,hAT-Blackjack,749,560,688,627
1055,MER63C,DNA,hAT-Blackjack,113,161,136,130
1056,MER51C,LTR,ERV1,48,80,32,46
1057,MER63D,DNA,hAT-Blackjack,332,514,395,393
1058,MLT2C1,LTR,ERVL,441,582,467,282
1059,UCON97,DNA,DNA,0,0,0,0
1060,MLT2B5,LTR,ERVL,15,59,4,40
1061,MLT-int,LTR,ERVL-MaLR,256,178,104,151
1062,MLT2B4,LTR,ERVL,680,738,624,617
1063,AluSq4,SINE,Alu,333,342,549,343
1064,AluSq2,SINE,Alu,9985,11728,10246,7734
1065,MLT1F1-int,LTR,ERVL-MaLR,72,121,96,116
1066,MER94B,DNA,hAT-Blackjack,168,39,68,32
1067,Tigger20a,DNA,TcMar-Tigger,365,617,466,399
1068,U2,snRNA,snRNA,622,271,859,644
1069,Charlie7a,DNA,hAT-Charlie,333,467,392,353
1070,MER45A,DNA,hAT-Tip100,778,870,637,453
1071,UCON15,Unknown,Unknown,0,4,3,0
1072,MLT1E1A-int,LTR,ERVL-MaLR,71,64,35,52
1073,MERX,DNA,TcMar-Tigger,52,146,116,112
1074,HERVIP10B3-int,LTR,ERV1,643,872,810,737
1075,MER34C2,LTR,ERV1,315,285,181,179
1076,Charlie26a,DNA,hAT-Charlie,187,303,199,155
1077,Cheshire,DNA,hAT-Charlie,557,827,713,454
1078,L1ME2,LINE,L1,5532,6603,5348,4816
1079,MER75B,DNA,PiggyBac,4,15,0,1
1080,Charlie30a,DNA,hAT-Charlie,239,475,611,505
1081,LTR7Y,LTR,ERV1,303,388,184,187
1082,MSTD,LTR,ERVL-MaLR,2118,2102,2031,1347
1083,LTR1F2,LTR,ERV1,92,176,160,48
1084,LTR1F1,LTR,ERV1,115,148,53,52
1085,tRNA-Val-GTG,tRNA,tRNA,0,0,0,0
1086,HERVK9-int,LTR,ERVK,770,605,562,504
1087,tRNA-Ser-AGY,tRNA,tRNA,0,0,0,0
1088,HERVIP10F-int,LTR,ERV1,276,251,383,311
1089,HERV3-int,LTR,ERV1,764,1053,218,314
1090,U17,snRNA,snRNA,5031,2136,3055,3549
1091,MER92A,LTR,ERV1,20,0,0,0
1092,UCON100,DNA?,DNA?,0,0,0,0
1093,MER70-int,LTR,ERVL,136,73,127,73
1094,CR1-11_Crp,LINE,CR1,0,0,16,0
1095,UCON74,DNA?,DNA?,32,104,128,83
1096,AluJb,SINE,Alu,28652,31372,27988,21728
1097,AluSc5,SINE,Alu,1165,1041,778,825
1098,SATR1,Satellite,Satellite,94,66,15,86
1099,AluSc8,SINE,Alu,3767,4041,3915,2911
1100,L1PA10,LINE,L1,3084,3884,2800,2314
1101,L1PA13,LINE,L1,3340,3901,2720,2616
1102,L1PA12,LINE,L1,1328,1774,1080,811
1103,AluJo,SINE,Alu,18797,18445,17919,13461
1104,L1PA14,LINE,L1,1268,1168,1137,1120
1105,AluYh3a3,SINE,Alu,137,76,112,136
1106,L1PA16,LINE,L1,4502,4670,4155,3755
1107,HERVFH21-int,LTR,ERV1,68,76,5,44
1108,L1MC,LINE,L1,1997,1961,1777,1392
1109,UCON65,Unknown,Unknown,0,0,0,0
1110,UCON64,Unknown,Unknown,0,0,0,0
1111,UCON63,Unknown,Unknown,32,0,0,0
1112,LTR43,LTR,ERV1,68,59,70,52
1113,L1MD,LINE,L1,2603,2797,3232,2307
1114,MLT1J,LTR,ERVL-MaLR,5405,4317,4466,3594
1115,MLT1N2,LTR,ERVL-MaLR,869,898,679,561
1116,UCON28a,Unknown,Unknown,0,0,56,4
1117,UCON28b,Unknown,Unknown,8,12,8,0
1118,LSU-rRNA_Hsa,rRNA,rRNA,7754,6735,17059,13863
1119,MLT1H2-int,LTR,ERVL-MaLR,93,118,88,75
1120,HERVL18-int,LTR,ERVL,746,663,354,395
1121,tRNA-Phe-TTY,tRNA,tRNA,4,0,8,0
1122,tRNA-Thr-ACA,tRNA,tRNA,0,0,0,0
1123,MSTB2-int,LTR,ERVL-MaLR,116,24,13,12
1124,MamRep137,DNA,TcMar-Tigger,1080,1020,1207,1035
1125,MER66B,LTR,ERV1,522,600,578,600
1126,MER83,LTR,ERV1,409,193,204,118
1127,MER91A,DNA,hAT-Tip100,921,1094,608,458
1128,MIR1_Amn,SINE,MIR,4042,3795,3898,2940
1129,MER45R,DNA,hAT-Tip100,108,75,51,13
1130,MER4D0,LTR,ERV1,236,273,168,151
1131,BLACKJACK,DNA,hAT-Blackjack,405,559,548,367
1132,MLT1A1,LTR,ERVL-MaLR,1685,2178,1820,1395
1133,MLT1A0,LTR,ERVL-MaLR,5448,6126,5199,3992
1134,L2-3_AMi,LINE,L2,0,0,0,0
1135,HERVL-int,LTR,ERVL,1854,2073,1488,1371
1136,MER91C,DNA,hAT-Tip100,297,346,253,229
1137,L1MA5,LINE,L1,2001,2143,1890,1375
1138,MLT1N2-int,LTR,ERVL-MaLR,20,43,28,12
1139,U6,snRNA,snRNA,345,383,391,468
1140,X7B_LINE,LINE,CR1,218,140,222,71
1141,L1M2a,LINE,L1,495,682,755,910
1142,MamRep1879,DNA,hAT-Tip100?,192,370,212,235
1143,L1M2c,LINE,L1,467,405,249,295
1144,L1M2b,LINE,L1,155,104,76,76
1145,CR1-8_Crp,LINE,CR1,0,0,0,0
1146,LTR22A,LTR,ERVK,72,79,4,28
1147,HERV-Fc1-int,LTR,ERV1,0,12,24,2
1148,AluSz6,SINE,Alu,8976,9862,10563,7225
1149,L1PA8A,LINE,L1,1381,1346,1052,1082
1150,MER68B,LTR,ERVL,197,229,207,204
1151,MER68C,LTR,ERVL,65,79,32,63
1152,MER83C,LTR,ERV1,36,66,5,16
1153,MER50C,LTR,ERV1,12,50,36,100
1154,AluYd8,SINE,Alu,53,14,74,13
1155,MER52A,LTR,ERV1,1249,1188,638,676
1156,tRNA-Trp-TGG,tRNA,tRNA,0,0,4,0
1157,MER52C,LTR,ERV1,110,191,90,118
1158,L1M2,LINE,L1,2798,2492,3301,2632
1159,L1M3,LINE,L1,1549,1592,1554,1131
1160,L2c,LINE,L2,76529,80586,66945,54891
1161,L1M1,LINE,L1,3464,3102,2916,2801
1162,L1M6,LINE,L1,855,1251,991,1032
1163,L1M7,LINE,L1,971,1141,830,788
1164,L1M4,LINE,L1,6992,8687,7638,6311
1165,L1M5,LINE,L1,12966,13923,14381,11640
1166,MLT1G,LTR,ERVL-MaLR,706,774,573,497
1167,MLT1F,LTR,ERVL-MaLR,1527,1553,1597,1463
1168,L1M8,LINE,L1,625,815,514,501
1169,MLT1D,LTR,ERVL-MaLR,7362,7668,6305,4945
1170,MLT1C,LTR,ERVL-MaLR,7316,7542,6271,4899
1171,MLT1B,LTR,ERVL-MaLR,16255,10209,11143,7741
1172,MLT1A,LTR,ERVL-MaLR,2471,2804,2171,1829
1173,tRNA-Ser-TCA_m_,tRNA,tRNA,28,65,85,25
1174,MER4A1,LTR,ERV1,1365,1146,731,528
1175,UCON99,DNA,DNA,20,0,4,24
1176,Looper,DNA,PiggyBac,194,176,298,437
1177,UCON92,Unknown,Unknown,0,0,0,0
1178,MLT1B-int,LTR,ERVL-MaLR,426,536,337,283
1179,LTR9B,LTR,ERV1,346,428,343,280
1180,LTR9C,LTR,ERV1,40,76,0,52
1181,LTR9D,LTR,ERV1,255,209,259,158
1182,UCON22,Unknown,Unknown,0,0,4,0
1183,UCON94,Unknown,Unknown,27,12,20,0
1184,MADE1,DNA,TcMar-Mariner,384,626,615,452
1185,MADE2,DNA,TcMar-Mariner,841,580,599,495
1186,AluSp,SINE,Alu,9596,9623,10199,7041
1187,AluSq,SINE,Alu,4485,4381,5019,3458
1188,PABL_A-int,LTR,ERV1,199,342,282,193
1189,LTR33C,LTR,ERVL,122,123,94,121
1190,tRNA-Lys-AAG,tRNA,tRNA,12,104,4,60
1191,AluSx,SINE,Alu,24711,25177,26391,17972
1192,AluSz,SINE,Alu,19307,21326,21245,15005
1193,Ricksha_b,DNA,MULE-MuDR,15,6,98,32
1194,PABL_B,LTR,ERV1,100,79,101,72
1195,Charlie20a,DNA,hAT-Charlie,215,292,224,272
1196,L1MEh,LINE,L1,455,782,751,434
1197,L1MEi,LINE,L1,1170,910,859,745
1198,L1MEj,LINE,L1,438,558,500,408
1199,AluSc,SINE,Alu,7155,7267,8177,5942
1200,L1MEd,LINE,L1,4749,5779,5161,4730
1201,tRNA-Gly-GGA,tRNA,tRNA,60,83,16,118
1202,Charlie23a,DNA,hAT-Charlie,353,519,192,312
1203,L1MEg,LINE,L1,3410,4074,3397,3136
1204,LTR7B,LTR,ERV1,486,503,290,231
1205,L1MEa,LINE,L1,339,235,56,43
1206,L1MEb,LINE,L1,446,451,431,392
1207,L1MEc,LINE,L1,5826,6258,5770,5339
1208,LTR76,LTR,ERV1,180,210,203,225
1209,LTR77,LTR,ERV1,0,0,8,0
1210,LTR101_Mam,LTR,ERVL,264,368,336,246
1211,LTR75,LTR,ERVL,238,194,199,104
1212,LTR47A,LTR,ERVL,182,409,284,159
1213,AluYc3,SINE,Alu,85,105,227,89
1214,LTR70,LTR,ERV1,99,121,184,194
1215,LTR47B,LTR,ERVL,0,0,28,24
1216,tRNA-Glu-GAG,tRNA,tRNA,0,0,0,0
1217,Tigger3d,DNA,TcMar-Tigger,397,149,367,282
1218,Tigger3c,DNA,TcMar-Tigger,1092,1076,911,466
1219,MLT1E1A,LTR,ERVL-MaLR,735,691,746,644
1220,LTR78,LTR,ERV1,869,984,730,769
1221,LTR79,LTR,ERVL,754,760,779,556
1222,tRNA-Tyr-TAC,tRNA,tRNA,32,8,0,35
1223,LTR67B,LTR,ERVL,816,815,956,630
1224,MSTA1-int,LTR,ERVL-MaLR,0,8,0,8
1225,MER113A,DNA,hAT-Charlie,552,491,606,524
1226,MER113B,DNA,hAT-Charlie,80,208,138,184
1227,tRNA-Glu-GAG_,tRNA,tRNA,26,16,113,90
1228,MamRep1527,LTR,LTR,252,112,124,80
1229,MER1B,DNA,hAT-Charlie,3528,3496,2766,1988
1230,LTR1B1,LTR,ERV1,20,11,8,0
1231,LTR1B0,LTR,ERV1,0,20,32,12
1232,LTR37-int,LTR,ERV1,469,143,375,257
1233,Harlequin-int,LTR,ERV1,751,683,395,489
1234,LTR88a,LTR,Gypsy?,100,175,123,44
1235,tRNA-Ala-GCG,tRNA,tRNA,0,0,16,0
1236,L1ME5,LINE,L1,916,916,853,707
1237,HERV16-int,LTR,ERVL,370,312,217,158
1238,L1ME1,LINE,L1,13950,14628,15187,12364
1239,CR1-L3B_Croc,LINE,CR1,0,0,0,0
1240,L1ME3,LINE,L1,4274,4243,4153,3453
1241,MSTC-int,LTR,ERVL-MaLR,140,92,96,62
1242,L1PBa1,LINE,L1,377,408,317,309
1243,LTR43-int,LTR,ERV1,71,62,66,15
1244,LTR7C,LTR,ERV1,335,326,280,307
1245,tRNA-Ala-GCY,tRNA,tRNA,4,14,0,12
1246,L1MA5A,LINE,L1,1377,1260,1322,852
1247,LTR5_Hs,LTR,ERVK,417,661,338,346
1248,MER5A,DNA,hAT-Charlie,9950,10965,11455,9582
1249,REP522,Satellite,telo,21,60,2,1
1250,AmnSINE1,SINE,5S-Deu-L2,2001,1577,2213,1404
1251,X7D_LINE,LINE,CR1,0,0,0,0
1252,AmnSINE2,SINE,tRNA-Deu,324,334,287,163
1253,Tigger3b,DNA,TcMar-Tigger,3531,2917,3116,2328
1254,MSTB-int,LTR,ERVL-MaLR,570,903,492,482
1255,MLT1L-int,LTR,ERVL-MaLR,0,0,8,0
1256,L1PA3,LINE,L1,1837,1636,1464,1328
1257,MamRep1894,DNA,hAT,299,84,163,76
1258,UCON20,Unknown,Unknown,4,20,0,0
1259,MER57E2,LTR,ERV1,4,0,13,4
1260,MER99,DNA,hAT?,79,119,52,48
1261,UCON50,Unknown,Unknown,0,4,8,4
1262,CRP1,SINE?,tRNA,0,0,0,0
1263,UCON44,Unknown,Unknown,0,0,0,0
1264,MLT1O-int,LTR,ERVL-MaLR,0,0,0,0
1265,MLT1H,LTR,ERVL-MaLR,2774,2865,2681,1956
1266,UCON47,Unknown,Unknown,106,38,147,127
