,gene,class,family,S37,S38,S31,S32
0,MER11B,LTR,ERVK,29025,34978,12480,10013
1,MER44B,DNA,TcMar-Tigger,776,1009,1264,537
2,UCON80_AMi,Unknown,Unknown,138,131,126,213
3,MSTA1,LTR,ERVL-MaLR,68,114,86,138
4,MLT1E1-int,LTR,ERVL-MaLR,20,0,0,0
5,UCON27,Unknown,Unknown,16,4,8,16
6,MER96B,DNA,hAT-Tip100,328,163,455,319
7,MLT1E2-int,LTR,ERVL-MaLR,45,25,50,18
8,UCON29,DNA,PiggyBac?,12,12,107,27
9,Zaphod2,DNA,hAT-Tip100,144,100,252,94
10,MER41E,LTR,ERV1,86,80,100,62
11,MER41D,LTR,ERV1,88,252,128,44
12,MER41G,LTR,ERV1,16,8,4,19
13,MLT2B3,LTR,ERVL,434,785,913,304
14,LTR82B,LTR,ERVL,152,184,330,187
15,UCON26,Unknown,Unknown,20,0,136,12
16,MER41C,LTR,ERV1,80,42,130,36
17,CR1-L3A_Croc,LINE,CR1,32,83,64,18
18,L1M4a2,LINE,L1,307,282,515,384
19,L1M4a1,LINE,L1,507,679,940,405
20,UCON19,Unknown,Unknown,0,0,0,0
21,MER96,DNA,hAT-Tip100,136,94,107,59
22,MER20B,DNA,hAT-Charlie,896,1028,1454,720
23,LTR82A,LTR,ERVL,176,307,337,144
24,MLT1E3,LTR,ERVL-MaLR,258,329,402,265
25,LTR35A,LTR,ERV1,0,60,20,0
26,LTR35B,LTR,ERV1,44,36,44,20
27,MER95,LTR,ERV1,80,64,16,35
28,MER44A,DNA,TcMar-Tigger,2117,2213,1864,1423
29,MSTB2,LTR,ERVL-MaLR,100,214,430,153
30,CER,Satellite,Satellite,39,52,98,27
31,AluYh7,SINE,Alu,7,28,6,7
32,Charlie15b,DNA,hAT-Charlie,672,768,723,316
33,LTR52-int,LTR,ERVL,28,0,24,0
34,Charlie15a,DNA,hAT-Charlie,867,1209,1257,826
35,LTR85c,LTR,Gypsy?,162,216,252,143
36,LTR85b,LTR,Gypsy?,133,44,121,87
37,LTR85a,LTR,Gypsy?,116,295,313,219
38,MER97b,DNA,hAT-Tip100,0,0,0,4
39,Tigger12c,DNA,TcMar-Tigger,219,332,441,115
40,AluYh9,SINE,Alu,10,2,5,17
41,LTR66,LTR,ERVL,48,106,117,27
42,LTR103_Mam,LTR,ERV1?,16,8,47,12
43,LTR61,LTR,ERV1,16,12,73,32
44,tRNA-Leu-TTA_m_,tRNA,tRNA,211,80,20,32
45,FordPrefect_a,DNA,hAT-Tip100,0,10,0,0
46,UCON67,Unknown,Unknown,0,16,0,15
47,LTR60,LTR,ERV1,20,0,0,1
48,tRNA-Leu-CTY,tRNA,tRNA,40,8,12,0
49,LTR60B,LTR,ERV1,28,0,8,0
50,UCON58,Unknown,Unknown,0,0,0,0
51,UCON59,Unknown,Unknown,0,0,0,14
52,UCON24,Unknown,Unknown,0,0,0,0
53,UCON57,Unknown,Unknown,0,0,0,0
54,UCON54,Unknown,Unknown,16,40,4,31
55,UCON55,DNA,TcMar-Tigger,117,144,151,68
56,UCON53,Unknown,Unknown,0,0,0,0
57,HERVKC4-int,LTR,ERVK,36,22,4,31
58,LSAU,Satellite,Satellite,0,0,0,0
59,Chap1_Mam,DNA,hAT-Charlie,425,429,489,268
60,LTR3,LTR,ERVK,224,288,280,118
61,X5B_LINE,LINE,CR1,13,70,50,14
62,AluSg7,SINE,Alu,878,1126,1294,1089
63,AluYi6_4d,SINE,Alu,23,30,27,19
64,LTR4,LTR,ERV1,106,62,68,59
65,LTR5,LTR,ERVK,26,60,45,32
66,LTR8,LTR,ERV1,1098,1349,1270,866
67,LTR9,LTR,ERV1,144,196,242,101
68,UCON66,Unknown,Unknown,0,0,12,0
69,ORSL,DNA,hAT-Tip100,84,78,298,205
70,X9_LINE,LINE,L1,421,521,494,248
71,MER57C2,LTR,ERV1,30,24,48,20
72,HERVH48-int,LTR,ERV1,135,118,92,20
73,MER57C1,LTR,ERV1,55,10,65,61
74,LTR13A,LTR,ERVK,116,168,212,81
75,hAT-16_Crp,DNA,hAT-Charlie,0,0,0,0
76,MSTB1-int,LTR,ERVL-MaLR,71,24,104,40
77,tRNA-Asn-AAT,tRNA,tRNA,0,0,0,0
78,L1PB3,LINE,L1,2780,2692,2091,1219
79,MER115,DNA,hAT-Tip100,354,574,675,270
80,Tigger13a,DNA,TcMar-Tigger,813,812,1169,458
81,MER117,DNA,hAT-Charlie,802,1141,1092,641
82,MER110,LTR,ERV1,51,68,112,40
83,MER112,DNA,hAT-Charlie,1302,1048,1823,821
84,L1PB1,LINE,L1,2814,3027,5109,2382
85,MER74A,LTR,ERVL,418,370,457,156
86,HERVK11D-int,LTR,ERVK,2,4,0,12
87,LTR13_,LTR,ERVK,85,94,33,35
88,MER119,DNA,hAT-Charlie,181,223,360,256
89,MER5C1,DNA,hAT-Charlie,164,154,205,82
90,PABL_A,LTR,ERV1,98,45,167,95
91,LTR38,LTR,ERV1,0,8,0,4
92,ALR_Alpha,Satellite,centr,1787,3843,2237,1677
93,MamGypLTR3,LTR,Gypsy,24,48,56,28
94,MER65-int,LTR,ERV1,128,168,179,85
95,MLT1K,LTR,ERVL-MaLR,2573,3039,4061,2086
96,LTR32,LTR,ERVL,204,257,388,191
97,LTR33,LTR,ERVL,1055,1099,1331,731
98,L1MA10,LINE,L1,615,771,1155,718
99,LTR31,LTR,ERV1,32,79,16,8
100,AluYg6,SINE,Alu,94,47,51,52
101,LTR34,LTR,ERV1,79,40,84,30
102,LTR35,LTR,ERV1,0,60,29,28
103,MLT2B2,LTR,ERVL,163,182,168,219
104,HERVK13-int,LTR,ERVK,210,104,204,94
105,UCON25,Unknown,Unknown,0,0,16,0
106,Tigger17a,DNA,TcMar-Tigger,857,1103,1258,706
107,L1P1,LINE,L1,551,575,910,410
108,L1P3,LINE,L1,871,978,1374,683
109,L1P2,LINE,L1,741,831,1214,462
110,L1P5,LINE,L1,16,18,31,29
111,L1P4,LINE,L1,599,540,850,558
112,LTR108b_Mam,LTR,ERVL,20,0,0,0
113,LTR21A,LTR,ERV1,2239,1693,2535,1772
114,tRNA-Arg-AGA,tRNA,tRNA,20,0,0,0
115,LTR21C,LTR,ERVL,0,0,0,0
116,LTR21B,LTR,ERV1,0,4,0,0
117,LTR86B1,LTR,ERVL,116,84,75,52
118,LTR86B2,LTR,ERVL,4,8,0,15
119,UCON103,Unknown,Unknown,0,0,0,0
120,UCON101,Unknown,Unknown,0,0,0,0
121,L1PB,LINE,L1,261,241,326,147
122,UCON107,DNA,hAT-Tag1,4,24,76,67
123,ERV3-16A3_LTR,LTR,ERVL,96,104,126,108
124,tRNA-Glu-GAA,tRNA,tRNA,317,135,9,6
125,LTR18A,LTR,ERVL,20,72,20,59
126,LTR18C,LTR,ERVL,0,0,0,0
127,LTR18B,LTR,ERVL,52,87,104,47
128,ERV24_Prim-int,LTR,ERV1,55,80,96,36
129,MER70C,LTR,ERVL,0,4,36,0
130,LTR3B,LTR,ERVK,4,1,5,0
131,LTR3A,LTR,ERVK,80,57,105,44
132,MSTA,LTR,ERVL-MaLR,2530,2379,3448,1732
133,MSTB,LTR,ERVL-MaLR,1212,1892,2243,1127
134,LTR59,LTR,ERV1,16,16,9,16
135,MER11D,LTR,ERVK,20,25,21,54
136,LTR108a_Mam,LTR,ERVL,31,30,12,12
137,GSATII,Satellite,centr,35,5,11,1
138,ERVL47-int,LTR,ERVL,24,36,12,24
139,MER11C,LTR,ERVK,181,205,311,152
140,MER83B,LTR,ERV1,89,86,57,25
141,LTR24C,LTR,ERV1,12,32,71,42
142,LTR54,LTR,ERV1,273,136,128,102
143,tRNA-Pro-CCY,tRNA,tRNA,0,0,8,0
144,MER129,LTR?,LTR?,0,0,0,4
145,MER6C,DNA,TcMar-Tigger,16,34,20,0
146,LTR16B,LTR,ERVL,80,101,175,93
147,MER6A,DNA,TcMar-Tigger,264,430,496,362
148,MER130,DNA,DNA,12,20,0,20
149,Tigger15a,DNA,TcMar-Tigger,1533,1352,2141,1265
150,Tigger2b_Pri,DNA,TcMar-Tigger,453,581,876,498
151,Kanga11a,DNA,TcMar-Tc2,155,36,156,145
152,MER131,DNA?,DNA?,241,310,676,441
153,THE1D,LTR,ERVL-MaLR,1221,1496,1933,1143
154,Ricksha_c,DNA,MULE-MuDR,87,122,354,200
155,FordPrefect,DNA,hAT-Tip100,230,428,181,126
156,Charlie10a,DNA,hAT-Charlie,107,168,136,136
157,L1M3c,LINE,L1,154,281,374,137
158,Charlie10b,DNA,hAT-Charlie,12,12,68,12
159,L1M3f,LINE,L1,202,251,202,111
160,L1M3d,LINE,L1,88,148,135,75
161,L1M3e,LINE,L1,366,304,480,206
162,LTR47B4,LTR,ERVL,0,8,36,8
163,MLT2C2,LTR,ERVL,73,164,153,85
164,MER92C,LTR,ERV1,32,4,8,4
165,MER92B,LTR,ERV1,251,299,410,302
166,CR1-13_AMi,LINE,CR1,8,44,12,0
167,MER134,DNA?,DNA?,0,4,20,0
168,LTR47B2,LTR,ERVL,46,22,29,2
169,LTR47B3,LTR,ERVL,48,40,16,20
170,LTR1A2,LTR,ERV1,147,230,345,125
171,MER51A,LTR,ERV1,145,437,623,462
172,MER51B,LTR,ERV1,156,52,92,44
173,LTR1A1,LTR,ERV1,36,72,67,50
174,MER51D,LTR,ERV1,20,4,8,7
175,MER51E,LTR,ERV1,12,8,64,4
176,Tigger5,DNA,TcMar-Tigger,52,312,259,144
177,HERV4_I-int,LTR,ERV1,156,64,113,87
178,LTR86C,LTR,ERVL,44,0,52,8
179,MER45C,DNA,hAT-Tip100,205,235,278,88
180,MER45B,DNA,hAT-Tip100,142,120,300,199
181,L3b,LINE,CR1,1923,2747,2964,1913
182,LTR108e_Mam,LTR,ERVL,0,4,32,0
183,MER75A,DNA,PiggyBac,20,0,16,0
184,MER83B-int,LTR,ERV1,40,52,16,63
185,Tigger11a,DNA,TcMar-Tigger,323,600,1005,602
186,Ricksha,DNA,MULE-MuDR,0,8,31,20
187,MER57A-int,LTR,ERV1,860,1534,999,780
188,HERVL66-int,LTR,ERVL,29,28,45,51
189,L1MA1,LINE,L1,1091,1154,2069,918
190,L1MA2,LINE,L1,1504,2262,3077,1380
191,L1MA3,LINE,L1,2398,2700,4692,1787
192,L1MA4,LINE,L1,2194,2590,4404,1595
193,AluYc,SINE,Alu,383,506,582,418
194,L1MA6,LINE,L1,997,1119,1843,853
195,L1MA7,LINE,L1,1692,1670,2786,1512
196,Charlie29a,DNA,hAT-Charlie,742,641,730,450
197,L1MA9,LINE,L1,2145,2836,4689,2294
198,MER4D1,LTR,ERV1,392,213,357,256
199,THE1C-int,LTR,ERVL-MaLR,487,479,831,235
200,UCON16,Unknown,Unknown,0,0,12,0
201,tRNA-Leu-TTG,tRNA,tRNA,4,0,0,0
202,tRNA-Gln-CAA,tRNA,tRNA,0,20,4,4
203,ERVL-int,LTR,ERVL,376,208,212,254
204,tRNA-Leu-TTA,tRNA,tRNA,0,4,0,0
205,tRNA-Gln-CAG,tRNA,tRNA,0,4,0,0
206,_GAATG_n,Satellite,Satellite,1,1,41,3
207,MLT1G-int,LTR,ERVL-MaLR,72,87,104,140
208,MER2B,DNA,TcMar-Tigger,411,858,809,615
209,UCON12,Unknown,Unknown,0,0,0,0
210,MER30,DNA,hAT-Charlie,1121,1076,1433,1189
211,SSU-rRNA_Hsa,rRNA,rRNA,8358,12894,4113,2766
212,Charlie19a,DNA,hAT-Charlie,292,431,728,462
213,MLT1-int,LTR,ERVL-MaLR,13,84,50,24
214,UCON17,Unknown,Unknown,0,0,20,0
215,UCON14,DNA?,DNA?,0,16,0,24
216,MLT1E2,LTR,ERVL-MaLR,588,593,1037,531
217,MER21-int,LTR,ERVL,159,287,258,86
218,UCON18,Unknown,Unknown,8,0,0,0
219,MIR,SINE,MIR,31454,38927,47858,26075
220,_CATTC_n,Satellite,Satellite,1,1,20,4
221,MLT1E1,LTR,ERVL-MaLR,56,170,212,104
222,MER92-int,LTR,ERV1,180,230,204,89
223,tRNA-Asn-AAC,tRNA,tRNA,5,6,4,0
224,THE1A-int,LTR,ERVL-MaLR,1301,1588,2362,1071
225,tRNA-Val-GTA,tRNA,tRNA,0,0,0,0
226,LTR72B,LTR,ERV1,32,24,0,0
227,Charlie4z,DNA,hAT-Charlie,2219,1856,3203,1815
228,Tigger1a_Mars,DNA,TcMar-Tigger,0,0,0,4
229,MLT1F2,LTR,ERVL-MaLR,1123,1529,1234,880
230,Charlie4a,DNA,hAT-Charlie,781,966,1566,954
231,MLT1F1,LTR,ERVL-MaLR,604,596,890,581
232,tRNA-Cys-TGY,tRNA,tRNA,0,12,23,0
233,tRNA-Gln-CAA_,tRNA,tRNA,0,6,6,24
234,ERVL-E-int,LTR,ERVL,1507,1493,1719,665
235,X2_LINE,LINE,CR1,16,4,4,16
236,X7A_LINE,LINE,CR1,183,202,303,126
237,UCON8,DNA,DNA,39,68,28,7
238,MER50-int,LTR,ERV1,72,74,209,50
239,LTR54B,LTR,ERV1,108,270,455,345
240,MamRep488,DNA,hAT-Tip100,67,116,132,35
241,MER84-int,LTR,ERV1,12,44,28,18
242,LTR102_Mam,LTR,ERVL,76,76,204,51
243,PABL_B-int,LTR,ERV1,177,351,286,317
244,MER41-int,LTR,ERV1,485,429,678,335
245,Eulor6C,DNA?,DNA?,0,0,0,0
246,L1MA4A,LINE,L1,1706,2560,3691,1592
247,HERVIP10FH-int,LTR,ERV1,249,234,307,162
248,tRNA-Met_,tRNA,tRNA,0,16,8,0
249,MER67D,LTR,ERV1,72,48,81,69
250,MLT1H1,LTR,ERVL-MaLR,549,467,622,261
251,AluYh3,SINE,Alu,234,280,353,90
252,AluYk4,SINE,Alu,160,152,178,162
253,AluYk2,SINE,Alu,61,121,103,114
254,AluYk3,SINE,Alu,137,188,77,145
255,LTR27B,LTR,ERV1,72,88,52,60
256,MER8,DNA,TcMar-Tigger,492,810,1100,513
257,tRNA-Leu-CTA,tRNA,tRNA,12,0,0,0
258,MSTC,LTR,ERVL-MaLR,787,719,901,483
259,LTR2752,LTR,ERV1,128,128,176,32
260,UCON39,DNA,TcMar-Tigger,309,309,80,56
261,LTR39-int,LTR,ERV1,22,4,54,28
262,HSAT5,Satellite,Satellite,58,23,53,32
263,HSAT4,Satellite,centr,219,232,248,248
264,LTR22B1,LTR,ERVK,67,75,147,48
265,L1ME3E,LINE,L1,897,1318,1676,1095
266,UCON89,DNA,hAT?,24,44,8,16
267,LTR46-int,LTR,ERV1,180,123,155,71
268,tRNA-Thr-ACG,tRNA,tRNA,0,0,0,0
269,L1P4b,LINE,L1,36,0,0,4
270,Zaphod3,DNA,hAT-Tip100,138,76,160,28
271,L1PBa,LINE,L1,474,579,949,466
272,MamRTE1,LINE,RTE-BovB,5819,6780,8397,5573
273,UCON80,DNA,hAT?,0,16,11,4
274,UCON83,SINE?,SINE?,0,0,0,0
275,LTR16D,LTR,ERVL,112,116,80,36
276,LTR16C,LTR,ERVL,427,1052,1051,619
277,L1PBb,LINE,L1,73,327,264,134
278,LTR16A,LTR,ERVL,308,399,485,264
279,UCON86,LINE,L2,4,47,48,24
280,LTR16B2,LTR,ERVL,92,225,266,36
281,SAR,Satellite,Satellite,0,0,2,0
282,MARNA,DNA,TcMar-Mariner,1385,2086,2202,1321
283,LTR16B1,LTR,ERVL,132,151,232,71
284,LTR9A1,LTR,ERV1,64,108,156,56
285,MER58D,DNA,hAT-Charlie,344,505,1098,633
286,MER58C,DNA,hAT-Charlie,815,1244,1371,632
287,MER58B,DNA,hAT-Charlie,1825,1856,2693,1369
288,MER58A,DNA,hAT-Charlie,4159,5107,6854,3845
289,MamGypLTR2c,LTR,Gypsy,55,56,116,40
290,HSATI,Satellite,Satellite,0,0,0,0
291,Charlie3,DNA,hAT-Charlie,137,246,287,128
292,Charlie1,DNA,hAT-Charlie,800,682,1482,626
293,Charlie6,DNA,hAT-Charlie,119,93,224,133
294,Charlie7,DNA,hAT-Charlie,1145,981,1054,545
295,Charlie4,DNA,hAT-Charlie,4,24,17,10
296,Charlie5,DNA,hAT-Charlie,662,520,956,351
297,MER39B,LTR,ERV1,608,471,493,267
298,Charlie8,DNA,hAT-Charlie,896,1259,1577,774
299,L1MC5,LINE,L1,5823,6209,10114,5285
300,MER101-int,LTR,ERV1,514,487,703,563
301,HSMAR1,DNA,TcMar-Mariner,968,1213,888,548
302,LTR42,LTR,ERVL,179,288,115,134
303,LTR41,LTR,ERVL,817,668,762,538
304,HSMAR2,DNA,TcMar-Mariner,556,515,806,425
305,LTR46,LTR,ERV1,124,60,114,64
306,LTR45,LTR,ERV1,0,16,4,24
307,LTR44,LTR,ERV1,0,64,43,4
308,Tigger19a,DNA,TcMar-Tigger,1054,1286,1951,1118
309,LTR49,LTR,ERV1,258,206,250,203
310,LTR48,LTR,ERV1,180,237,208,158
311,AluYb9,SINE,Alu,28,36,170,94
312,AluYb8,SINE,Alu,147,282,346,237
313,LTR38C,LTR,ERV1,12,76,36,20
314,LTR38B,LTR,ERV1,35,24,40,12
315,tRNA-Leu-CTG,tRNA,tRNA,0,44,0,0
316,Tigger4a,DNA,TcMar-Tigger,737,1051,1983,872
317,LTR26B,LTR,ERV1,11,40,47,4
318,Alu,SINE,Alu,259,370,556,273
319,LTR26D,LTR,ERV1,68,28,40,3
320,LTR26E,LTR,ERV1,112,67,20,24
321,MER9a2,LTR,ERVK,51,122,113,49
322,HERV15-int,LTR,ERV1,79,36,116,13
323,L1MB8,LINE,L1,5697,6988,10770,5739
324,UCON69,DNA,hAT?,0,0,0,0
325,Charlie14a,DNA,hAT-Charlie,481,625,709,479
326,HERV-Fc2-int,LTR,ERV1,0,0,0,0
327,L1MB1,LINE,L1,806,1229,1840,625
328,L1MB3,LINE,L1,5278,6813,9961,5035
329,L1MB2,LINE,L1,4204,5238,6736,3555
330,L1MB5,LINE,L1,3057,3573,5169,2985
331,L1MB4,LINE,L1,2886,3677,6344,3310
332,AluJr4,SINE,Alu,2722,3080,4263,2400
333,L1P4a,LINE,L1,140,139,187,65
334,UCON4,Unknown,Unknown,24,80,91,8
335,UCON71_Crp,Unknown,Unknown,41,74,161,153
336,MamRep4096,DNA,hAT-Tip100,242,172,229,100
337,MER135,DNA,DNA,176,115,152,130
338,THE1-int,LTR,ERVL-MaLR,67,90,69,65
339,HERVS71-int,LTR,ERV1,203,405,506,348
340,HSAT6,Satellite,Satellite,0,0,0,0
341,HERVK11-int,LTR,ERVK,136,76,119,83
342,ACRO1,Satellite,acro,0,9,14,0
343,LTR90A,LTR,LTR,56,62,19,42
344,UCON35,Unknown,Unknown,12,0,0,32
345,LTR90B,LTR,LTR,30,64,96,36
346,LTR27E,LTR,ERV1,103,88,52,40
347,MER65B,LTR,ERV1,20,20,29,32
348,MER65A,LTR,ERV1,271,264,260,194
349,UCON88,Unknown,Unknown,12,64,0,0
350,HERVK3-int,LTR,ERVK,639,609,733,255
351,L1ME2z,LINE,L1,2080,2515,3717,1817
352,L1PA11,LINE,L1,1064,1413,1898,947
353,OldhAT1,DNA,hAT-Ac,3475,3977,4593,2836
354,LTR91,LTR,ERVL,0,0,40,8
355,Charlie1a,DNA,hAT-Charlie,1756,2348,3289,1678
356,Charlie1b,DNA,hAT-Charlie,734,1217,1621,828
357,PRIMA41-int,LTR,ERV1,28,115,62,36
358,LTR26C,LTR,ERV1,24,24,68,29
359,LTR27D,LTR,ERV1,1,5,0,0
360,SST1,Satellite,centr,22,41,41,31
361,MER54A,LTR,ERVL,144,236,287,86
362,MER103C,DNA,hAT-Charlie,2425,2684,3144,1313
363,MER51-int,LTR,ERV1,168,240,324,124
364,MER67C,LTR,ERV1,87,223,249,85
365,L1PA15,LINE,L1,1952,2170,3646,1930
366,SVA_C,Retroposon,SVA,125,96,109,81
367,AluYm1,SINE,Alu,445,469,517,448
368,UCON81,DNA,hAT-Charlie,4,0,0,3
369,LTR1D1,LTR,ERV1,28,68,72,48
370,L1PA17,LINE,L1,791,941,1969,659
371,ERV3-16A3_I-int,LTR,ERVL,995,1368,1127,678
372,MER34A1,LTR,ERV1,190,340,350,169
373,Tigger16a,DNA,TcMar-Tigger,362,370,672,409
374,THE1B-int,LTR,ERVL-MaLR,1371,1449,2037,870
375,Tigger9a,DNA,TcMar-Tigger,179,223,380,176
376,Tigger9b,DNA,TcMar-Tigger,298,390,332,207
377,LTR27C,LTR,ERV1,26,118,92,47
378,Charlie18a,DNA,hAT-Charlie,1760,1707,1672,1258
379,MLT2F,LTR,ERVL,219,291,400,271
380,AluSq10,SINE,Alu,216,192,334,204
381,AluJr,SINE,Alu,12087,14382,18260,12074
382,Charlie10,DNA,hAT-Charlie,399,442,282,123
383,Charlie11,DNA,hAT-Charlie,36,36,128,0
384,Charlie12,DNA,hAT-Charlie,0,28,4,0
385,UCON21,DNA?,DNA?,0,0,0,0
386,L1MEg1,LINE,L1,156,157,344,169
387,L1MEg2,LINE,L1,183,325,281,175
388,Charlie17,DNA,hAT-Charlie,248,682,479,288
389,MER110A,LTR,ERV1,111,105,68,48
390,UCON56,Unknown,Unknown,0,0,0,0
391,UCON82,Unknown,Unknown,0,0,0,0
392,HERVE-int,LTR,ERV1,277,296,200,95
393,MLT1L,LTR,ERVL-MaLR,1913,2468,2750,1487
394,UCON87,Unknown,Unknown,0,0,0,0
395,MLT1H1-int,LTR,ERVL-MaLR,46,56,73,60
396,tRNA-Ala-GCA,tRNA,tRNA,8,0,8,0
397,HUERS-P2-int,LTR,ERV1,8,84,84,92
398,UCON62,DNA?,DNA?,0,4,0,0
399,MLT1E3-int,LTR,ERVL-MaLR,33,33,34,26
400,L2a,LINE,L2,48416,56203,84285,41367
401,Kanga1,DNA,TcMar-Tc2,108,184,148,138
402,MamGyp-int,LTR,Gypsy,331,239,311,152
403,CR1-3_Croc,LINE,CR1,247,356,482,221
404,LTR22E,LTR,ERVK,104,84,142,89
405,MER76-int,LTR,ERVL,64,84,147,143
406,UCON60,Unknown,Unknown,0,0,0,16
407,ERVL-B4-int,LTR,ERVL,961,1342,1411,552
408,LTR22B,LTR,ERVK,28,20,17,4
409,LTR22C,LTR,ERVK,0,0,16,0
410,MER81,DNA,hAT-Blackjack,172,279,409,198
411,MLT1H2,LTR,ERVL-MaLR,3276,5134,2396,1735
412,UCON23,DNA,hAT-Tip100?,0,16,12,0
413,MST-int,LTR,ERVL-MaLR,257,242,66,66
414,UCON12A,Unknown,Unknown,0,0,0,0
415,UCON31,Unknown,Unknown,4,8,4,0
416,UCON51,LTR?,LTR?,28,0,0,0
417,CR1-16_AMi,LINE,CR1,12,68,80,24
418,L4_A_Mam,LINE,RTE-X,1050,1473,1575,820
419,HERVH-int,LTR,ERV1,4480,4173,5450,2910
420,AluSg4,SINE,Alu,1445,882,1091,657
421,LTR23-int,LTR,ERV1,12,32,39,48
422,LTR88c,LTR,Gypsy?,140,72,63,32
423,MamTip1,DNA,hAT-Tip100,108,272,147,129
424,UCON48,Unknown,Unknown,0,32,4,39
425,MamTip3,DNA,hAT-Tip100,168,60,207,92
426,MamTip2,DNA,hAT-Tip100,1160,1419,1370,1103
427,THE1C,LTR,ERVL-MaLR,1174,1221,1793,709
428,THE1B,LTR,ERVL-MaLR,1751,2790,3868,1870
429,THE1A,LTR,ERVL-MaLR,887,1326,1811,913
430,UCON46,Unknown,Unknown,0,0,16,0
431,UCON41,Unknown,Unknown,0,0,0,0
432,UCON40,Unknown,Unknown,140,304,260,117
433,UCON43,Unknown,Unknown,19,0,0,8
434,MER84,LTR,ERV1,56,171,232,56
435,MER4CL34,LTR,ERV1,68,96,187,62
436,LTR1,LTR,ERV1,72,68,68,43
437,MamRep1161,DNA,TcMar-Tigger,24,0,35,0
438,HERV1_I-int,LTR,ERV1,49,70,32,33
439,LTR53B,LTR,ERVL,0,14,16,8
440,UCON68,Unknown,Unknown,0,0,0,0
441,Eulor2A,DNA?,DNA?,36,24,0,0
442,Eulor2B,DNA?,DNA?,32,44,40,60
443,Eulor2C,DNA?,DNA?,0,0,0,0
444,L1M4c,LINE,L1,3702,3204,2831,1707
445,L1M4b,LINE,L1,876,1038,1892,847
446,LTR109A2,LTR,ERV1,0,0,0,4
447,Plat_L3,LINE,CR1,592,706,1064,828
448,tRNA-Pro-CCA,tRNA,tRNA,0,0,0,0
449,tRNA-Pro-CCG,tRNA,tRNA,0,0,0,0
450,X6A_LINE,LINE,CR1,506,548,484,481
451,LTR06,LTR,ERV1,40,32,24,40
452,MER101,LTR,ERV1,48,44,75,8
453,HERVL32-int,LTR,ERVL,0,0,11,0
454,L1PREC2,LINE,L1,2225,2202,3286,1533
455,MamGypLTR2b,LTR,Gypsy,79,12,72,8
456,MER105,DNA,hAT-Charlie,378,260,288,136
457,MER104,DNA,TcMar-Tc2,527,538,952,448
458,MamGypLTR3a,LTR,Gypsy,89,147,120,111
459,MER67B,LTR,ERV1,88,172,169,117
460,U13_,snRNA,snRNA,57,108,217,138
461,tRNA-His-CAY_,tRNA,tRNA,0,63,0,1
462,HERVK-int,LTR,ERVK,161,332,168,85
463,AluYf1,SINE,Alu,254,197,196,145
464,AluSx4,SINE,Alu,1299,2287,1828,1211
465,LTR38A1,LTR,ERV1,4,24,23,0
466,AluSx1,SINE,Alu,12915,16018,18126,11804
467,AluSx3,SINE,Alu,4075,4022,4957,3492
468,L1HS,LINE,L1,338,446,602,261
469,L5,LINE,RTE-X,204,176,183,100
470,MER21C,LTR,ERVL,1903,2534,3082,1671
471,MER21B,LTR,ERVL,1092,1112,1442,768
472,MER21A,LTR,ERVL,805,1388,1254,576
473,tRNA-Ser-TCG,tRNA,tRNA,0,0,0,0
474,L2,LINE,L2,15791,17852,27660,13895
475,MIR3,SINE,MIR,19043,22610,29186,16673
476,L3,LINE,CR1,14470,17077,21972,12779
477,Charlie21a,DNA,hAT-Charlie,570,518,805,524
478,ERV24B_Prim-int,LTR,ERV1,28,32,56,36
479,Chompy-6_Croc,DNA,PIF-Harbinger,0,16,0,0
480,MER68-int,LTR,ERVL,108,167,138,45
481,L1M2a1,LINE,L1,4,0,32,32
482,MER88,LTR,ERVL,12,0,8,0
483,LTR75_1,LTR,ERV1,4,24,4,28
484,MER57E1,LTR,ERV1,56,128,85,43
485,MER4A1_,LTR,ERV1,204,194,274,142
486,MER57E3,LTR,ERV1,151,158,263,126
487,HERVK14-int,LTR,ERVK,86,68,179,100
488,GSATX,Satellite,centr,0,24,0,0
489,tRNA-Ser-TCA,tRNA,tRNA,0,0,0,0
490,MER85,DNA,PiggyBac,225,238,235,116
491,LTR16A2,LTR,ERVL,246,197,322,100
492,LTR16A1,LTR,ERVL,243,393,589,267
493,LTR19-int,LTR,ERV1,83,160,83,100
494,LTR71A,LTR,ERV1,32,80,28,55
495,LTR71B,LTR,ERV1,0,56,44,59
496,Charlie9,DNA,hAT-Charlie,628,634,540,414
497,MLT1J-int,LTR,ERVL-MaLR,139,217,263,116
498,MER61C,LTR,ERV1,19,92,47,44
499,MER61B,LTR,ERV1,114,148,84,31
500,MER61A,LTR,ERV1,72,80,111,56
501,Tigger5b,DNA,TcMar-Tigger,812,878,774,642
502,MER61F,LTR,ERV1,12,36,16,12
503,MER61E,LTR,ERV1,323,83,124,83
504,MER61D,LTR,ERV1,8,16,55,4
505,MER136,DNA,DNA,0,20,0,0
506,MER75,DNA,PiggyBac,131,107,242,36
507,MER76,LTR,ERVL,127,100,173,55
508,MER77,LTR,ERVL,573,1078,1060,347
509,MER72,LTR,ERV1,145,171,216,104
510,MER73,LTR,ERVL,8,25,21,28
511,L1MC5a,LINE,L1,5796,6986,10788,5854
512,UCON33,DNA,TcMar-Tigger,47,24,28,36
513,Helitron1Na_Mam,RC,Helitron,0,28,56,4
514,LTR12C,LTR,ERV1,541,980,1040,443
515,LTR12B,LTR,ERV1,42,57,33,30
516,MER61-int,LTR,ERV1,439,698,530,345
517,tRNA-Ile-ATA,tRNA,tRNA,40,16,0,0
518,LTR12F,LTR,ERV1,16,233,111,68
519,LTR12E,LTR,ERV1,33,101,119,40
520,LTR12D,LTR,ERV1,58,98,120,55
521,tRNA-Met,tRNA,tRNA,14,51,16,12
522,HERV30-int,LTR,ERV1,4,20,22,30
523,tRNA-Ser-TCY,tRNA,tRNA,0,0,0,1
524,U13,snRNA,snRNA,73,96,69,21
525,LTR47A2,LTR,ERVL,60,207,164,64
526,LTR40a,LTR,ERVL,315,463,435,230
527,LTR40b,LTR,ERVL,208,284,196,292
528,LTR33A_,LTR,ERVL,158,116,261,137
529,LTR12_,LTR,ERV1,78,54,38,62
530,UCON96,Unknown,Unknown,0,0,0,27
531,MLT1M-int,LTR,ERVL-MaLR,0,0,0,0
532,Eulor9A,DNA,DNA,8,4,20,36
533,MamGypsy2-LTR,LTR,Gypsy,79,12,64,28
534,Eulor9C,DNA,DNA,12,0,0,0
535,Eulor9B,DNA,DNA,0,0,28,0
536,tRNA-Met-i,tRNA,tRNA,0,0,0,0
537,MER123,DNA?,DNA?,4,0,16,0
538,BSR_Beta,Satellite,Satellite,150,201,175,142
539,LTR2,LTR,ERV1,151,236,232,158
540,MER2,DNA,TcMar-Tigger,2898,3728,4627,2503
541,MER3,DNA,hAT-Charlie,2089,2417,4081,2063
542,Arthur1C,DNA,hAT-Tip100,40,166,120,36
543,HERVL74-int,LTR,ERVL,311,336,232,208
544,Arthur1A,DNA,hAT-Tip100,108,240,207,161
545,HERV1_LTRa,LTR,ERV1,55,33,16,32
546,HERV1_LTRc,LTR,ERV1,0,0,12,0
547,HERV1_LTRb,LTR,ERV1,0,0,0,0
548,HERV1_LTRe,LTR,ERV1,4,0,0,0
549,HERV1_LTRd,LTR,ERV1,4,36,4,0
550,MER4-int,LTR,ERV1,697,1112,1655,690
551,Tigger4b,DNA,TcMar-Tigger,1054,1653,2355,1203
552,MER106B,DNA,hAT-Charlie,142,326,412,166
553,MER106A,DNA,hAT-Charlie,227,328,219,56
554,MamGypLTR1a,LTR,Gypsy,54,50,98,11
555,L1M3de,LINE,L1,73,108,68,45
556,MamGypLTR1b,LTR,Gypsy,781,1040,1915,1378
557,MamGypLTR1d,LTR,Gypsy,113,83,56,12
558,L1PA15-16,LINE,L1,225,268,320,251
559,MER44D,DNA,TcMar-Tigger,195,256,346,167
560,MER113,DNA,hAT-Charlie,613,846,1082,521
561,tRNA-Val-GTY,tRNA,tRNA,0,0,0,1
562,LTR3B_,LTR,ERVK,144,145,142,40
563,MER65C,LTR,ERV1,783,889,964,929
564,HERV-Fc2_LTR,LTR,ERV1,0,0,0,0
565,MER41A,LTR,ERV1,301,421,483,303
566,MER66-int,LTR,ERV1,133,195,218,105
567,TAR1,Satellite,telo,0,31,15,1
568,Tigger16b,DNA,TcMar-Tigger,483,1008,942,531
569,MER74C,LTR,ERVL,12,59,12,0
570,UCON84,Unknown,Unknown,0,0,0,0
571,MLT2A1,LTR,ERVL,281,440,625,133
572,U4,snRNA,snRNA,162,168,48,52
573,MLT1E-int,LTR,ERVL-MaLR,0,0,0,0
574,MER74B,LTR,ERVL,210,128,309,142
575,L2-1_Crp,LINE,L2,0,0,24,0
576,MLT2A2,LTR,ERVL,388,414,506,315
577,Arthur1B,DNA,hAT-Tip100,202,251,306,199
578,PRIMA4-int,LTR,ERV1,254,296,472,137
579,THE1D-int,LTR,ERVL-MaLR,608,1103,1183,579
580,Mam_R4,LINE,Dong-R4,16,131,151,86
581,MLT1G1,LTR,ERVL-MaLR,1168,1309,717,469
582,MLT1G3,LTR,ERVL-MaLR,562,491,396,195
583,Charlie25,DNA,hAT-Charlie,115,172,134,132
584,Charlie24,DNA,hAT-Charlie,274,365,531,163
585,LTR6B,LTR,ERV1,175,227,488,252
586,UCON72,Unknown,Unknown,0,15,7,0
587,tRNA-SeC_e_-TGA,tRNA,tRNA,0,0,0,0
588,MLT1H-int,LTR,ERVL-MaLR,230,289,277,153
589,LOR1a,LTR,ERV1,432,262,239,183
590,Arthur1,DNA,hAT-Tip100,234,253,423,166
591,MLT1J1-int,LTR,ERVL-MaLR,27,52,120,12
592,LOR1b,LTR,ERV1,63,213,115,86
593,LTR10B1,LTR,ERV1,185,100,270,151
594,LTR10B2,LTR,ERV1,36,36,64,12
595,LTR108c_Mam,LTR,ERVL,0,0,8,0
596,MLT1K-int,LTR,ERVL-MaLR,39,0,4,0
597,MIRb,SINE,MIR,40094,47857,62044,33937
598,Charlie13a,DNA,hAT-Charlie,128,157,220,79
599,Charlie13b,DNA,hAT-Charlie,48,72,259,60
600,UCON132b,DNA,hAT-Tip100,25,92,167,20
601,MER63B,DNA,hAT-Blackjack,311,399,637,363
602,LTR39,LTR,ERV1,1148,737,477,372
603,UCON78,DNA,DNA,0,80,28,8
604,AluYj4,SINE,Alu,217,245,333,253
605,MER66D,LTR,ERV1,16,16,16,4
606,LTR107_Mam,LTR,LTR,24,28,52,7
607,MER66C,LTR,ERV1,55,47,61,45
608,MER91B,DNA,hAT-Tip100,225,155,426,191
609,MER66A,LTR,ERV1,28,74,25,16
610,Charlie2a,DNA,hAT-Charlie,654,555,991,512
611,Charlie2b,DNA,hAT-Charlie,572,509,858,598
612,L1MA8,LINE,L1,1840,2225,4201,1976
613,MER50B,LTR,ERV1,92,187,80,51
614,MIRc,SINE,MIR,19907,24332,29239,16026
615,tRNA-Lys-AAA,tRNA,tRNA,15,16,12,0
616,LTR22C0,LTR,ERVK,20,8,72,4
617,X1_LINE,LINE,CR1,0,24,0,0
618,LTR22C2,LTR,ERVK,0,0,0,32
619,MER46C,DNA,TcMar-Tigger,1654,1987,2391,1386
620,MER31B,LTR,ERV1,209,202,640,219
621,MamRep38,DNA,hAT,316,268,364,192
622,MER31A,LTR,ERV1,258,304,332,178
623,MER107,DNA,hAT-Charlie,96,32,121,32
624,L4_B_Mam,LINE,RTE-X,503,837,981,575
625,MER34D,LTR,ERV1,0,56,44,0
626,LTR88b,LTR,Gypsy?,163,188,148,103
627,MamRep1151,LTR?,LTR?,217,124,323,104
628,MER20,DNA,hAT-Charlie,4132,5129,6017,3169
629,LTR30,LTR,ERV1,10,43,53,65
630,LTR7,LTR,ERV1,385,353,402,221
631,LTR16E2,LTR,ERVL,243,380,239,171
632,LTR16E1,LTR,ERVL,231,247,364,242
633,LTR43B,LTR,ERV1,1,27,40,8
634,MER49,LTR,ERV1,785,980,718,518
635,MER48,LTR,ERV1,60,68,32,26
636,PRIMAX-int,LTR,ERV1,44,4,24,4
637,LTR36,LTR,ERV1,120,139,217,110
638,LTR40c,LTR,ERVL,131,162,207,137
639,UCON49,LINE,L2,24,24,48,0
640,UCON105,Unknown,Unknown,110,64,135,100
641,PRIMA4_LTR,LTR,ERV1,88,120,128,48
642,HERVK22-int,LTR,ERVK,672,931,1254,504
643,tRNA-Arg-CGG,tRNA,tRNA,0,0,0,0
644,Tigger6a,DNA,TcMar-Tigger,257,359,345,200
645,Tigger6b,DNA,TcMar-Tigger,61,16,24,0
646,SVA_F,Retroposon,SVA,161,218,262,150
647,tRNA-Arg-CGA,tRNA,tRNA,0,0,0,0
648,MER52D,LTR,ERV1,57,136,106,69
649,L1MCb,LINE,L1,112,160,387,96
650,L1MCc,LINE,L1,423,601,909,472
651,L1PB2,LINE,L1,356,495,937,412
652,L1MCa,LINE,L1,1073,1638,2128,1001
653,L1PB4,LINE,L1,1135,1496,2178,1156
654,MER72B,LTR,ERV1,8,36,16,24
655,MER102b,DNA,hAT-Charlie,1379,1535,1905,911
656,MER102c,DNA,hAT-Charlie,706,809,1113,572
657,MER102a,DNA,hAT-Charlie,659,1007,1200,854
658,LTR58,LTR,ERV1,20,68,8,20
659,AluYa5,SINE,Alu,135,172,211,132
660,tRNA-Arg-AGG,tRNA,tRNA,0,12,0,0
661,LTR53-int,LTR,ERVL,179,179,101,83
662,AluYa8,SINE,Alu,46,32,15,10
663,LTR55,LTR,ERVL?,16,32,110,51
664,LTR56,LTR,ERV1,188,256,244,181
665,LTR57,LTR,ERVL,4,56,60,47
666,LTR45C,LTR,ERV1,74,137,78,49
667,LTR45B,LTR,ERV1,63,72,52,11
668,LTR52,LTR,ERVL,143,165,112,39
669,LTR53,LTR,ERVL,67,93,94,43
670,MER39,LTR,ERV1,196,400,690,423
671,MER34B-int,LTR,ERV1,159,203,271,166
672,LTR75B,LTR,ERVL,58,16,62,4
673,CR1-12_AMi,LINE,CR1,4,0,32,0
674,CR1_Mam,LINE,CR1,386,542,991,341
675,MER33,DNA,hAT-Charlie,2023,2950,4006,2043
676,MER34,LTR,ERV1,174,276,281,70
677,L1P4d,LINE,L1,4,13,25,4
678,MLT1G3-int,LTR,ERVL-MaLR,160,68,111,20
679,HERVI-int,LTR,ERV1,56,68,73,65
680,Eulor6A,DNA?,DNA?,6,0,0,0
681,Eulor6B,DNA?,DNA?,4,0,0,8
682,L1P4e,LINE,L1,20,29,6,36
683,Eulor6D,DNA?,DNA?,0,0,0,0
684,Eulor6E,DNA?,DNA?,0,0,0,0
685,MER83A-int,LTR,ERV1,8,12,0,4
686,MER44C,DNA,TcMar-Tigger,735,524,476,373
687,L1MC2,LINE,L1,1720,2082,3516,1538
688,L1MC3,LINE,L1,2960,3710,4786,2266
689,FRAM,SINE,Alu,1049,1157,1508,911
690,L1MC1,LINE,L1,5943,6250,8107,4477
691,MLT1M,LTR,ERVL-MaLR,257,436,349,207
692,L1MC4,LINE,L1,8257,9948,16214,8066
693,HERV9-int,LTR,ERV1,193,161,94,46
694,X8_LINE,LINE,CR1,84,68,83,15
695,L2b,LINE,L2,33236,57568,40421,27347
696,L1MB7,LINE,L1,10680,11654,16829,8578
697,LTR81C,LTR,Gypsy,20,88,44,24
698,LTR38-int,LTR,ERV1,0,8,12,0
699,Helitron1Nb_Mam,RC,Helitron,20,31,95,11
700,LTR5A,LTR,ERVK,162,72,113,105
701,LTR5B,LTR,ERVK,165,220,192,170
702,LTR81B,LTR,Gypsy,79,103,99,23
703,BC200,scRNA,scRNA,121,244,153,152
704,L4_C_Mam,LINE,RTE-X,796,1017,1727,855
705,LTR81A,LTR,Gypsy,76,67,124,79
706,LTR28B,LTR,ERV1,43,52,60,16
707,LTR28C,LTR,ERV1,151,140,137,128
708,LTR104_Mam,LTR,Gypsy,208,200,366,100
709,Tigger17,DNA,TcMar-Tigger,32,36,32,24
710,Tigger10,DNA,TcMar-Tigger,895,836,975,483
711,MLT1F2-int,LTR,ERVL-MaLR,56,86,56,85
712,Tigger12,DNA,TcMar-Tigger,370,334,552,530
713,MER4E,LTR,ERV1,149,174,399,157
714,MER4D,LTR,ERV1,253,211,524,172
715,tRNA-Ser-TCA_,tRNA,tRNA,0,0,0,1
716,MER4A,LTR,ERV1,231,355,649,423
717,MLT1E,LTR,ERVL-MaLR,76,107,136,39
718,MER4C,LTR,ERV1,119,87,151,35
719,MER4B,LTR,ERV1,637,690,1138,625
720,MSTA-int,LTR,ERVL-MaLR,873,1445,1328,864
721,MLT1J2-int,LTR,ERVL-MaLR,20,62,88,34
722,MLT1D-int,LTR,ERVL-MaLR,1158,1001,1311,702
723,HERV-Fc1_LTR1,LTR,ERV1,0,0,0,0
724,HERV-Fc1_LTR2,LTR,ERV1,0,0,0,0
725,HERV-Fc1_LTR3,LTR,ERV1,0,0,0,0
726,LTR50,LTR,ERVL,628,686,828,426
727,MER6,DNA,TcMar-Tigger,259,397,422,255
728,LTR80A,LTR,ERVL,35,44,16,90
729,LTR80B,LTR,ERVL,33,30,88,16
730,HAL1,LINE,L1,5995,7062,11753,5923
731,Chompy-7_Croc,DNA,PIF-Harbinger,0,0,0,0
732,HERV9NC-int,LTR,ERV1,70,126,153,51
733,MLT2D,LTR,ERVL,683,673,686,374
734,MLT2E,LTR,ERVL,12,12,11,52
735,GSAT,Satellite,centr,4,0,0,0
736,MER34A,LTR,ERV1,190,205,248,114
737,HUERS-P1-int,LTR,ERV1,121,99,180,71
738,MER34C,LTR,ERV1,12,8,32,16
739,MER34B,LTR,ERV1,187,256,396,256
740,Ricksha_0,DNA,MULE-MuDR,108,139,136,52
741,ORSL-2b,DNA,hAT-Tip100,136,164,131,67
742,DNA1_Mam,DNA,TcMar,0,48,44,35
743,PrimLTR79,LTR,ERV1,34,40,140,74
744,LTR57-int,LTR,ERVL,37,35,40,47
745,LTR8B,LTR,ERV1,321,487,489,345
746,LTR8A,LTR,ERV1,563,559,780,387
747,Tigger12A,DNA,TcMar-Tigger,125,200,308,183
748,L1ME4a,LINE,L1,6753,10076,14109,7742
749,UCON9,Unknown,Unknown,0,0,20,0
750,L1ME4c,LINE,L1,1918,2244,4135,2095
751,L1ME4b,LINE,L1,8465,9242,11662,6463
752,LTR89,LTR,ERVL?,351,324,270,183
753,LTR14A,LTR,ERVK,8,24,4,27
754,LTR87,LTR,ERVL?,365,284,317,194
755,UCON1,Unknown,Unknown,0,12,0,0
756,UCON2,DNA?,DNA?,35,44,50,55
757,ORSL-2a,DNA,hAT-Tip100,26,93,67,36
758,LTR83,LTR,ERVL,108,99,156,59
759,UCON5,Unknown,Unknown,0,0,0,0
760,LTR81,LTR,Gypsy,16,16,4,24
761,UCON7,DNA?,DNA?,8,0,0,0
762,MER121B,DNA,hAT?,0,0,0,0
763,MER65D,LTR,ERV1,32,20,61,43
764,MER124,DNA?,DNA?,219,400,219,106
765,MER57-int,LTR,ERV1,229,193,421,131
766,UCON93,Unknown,Unknown,0,0,0,0
767,Charlie17a,DNA,hAT-Charlie,228,208,433,234
768,Charlie17b,DNA,hAT-Charlie,43,53,73,75
769,HUERS-P3-int,LTR,ERV1,753,354,807,433
770,MER34-int,LTR,ERV1,324,431,983,660
771,UCON79,DNA?,DNA?,0,0,0,12
772,UCON61,Unknown,Unknown,0,0,0,0
773,Eulor8,DNA,TcMar?,4,0,0,0
774,UCON70,Unknown,Unknown,4,56,44,47
775,Eulor4,Unknown,Unknown,0,0,0,0
776,7SK,RNA,RNA,125303,126816,35924,35785
777,UCON73,Unknown,Unknown,40,48,83,111
778,L1P,LINE,L1,9,2,4,2
779,UCON75,Unknown,Unknown,0,0,0,0
780,Eulor3,DNA?,DNA?,0,0,0,0
781,UCON77,Unknown,Unknown,8,0,4,12
782,LTR25-int,LTR,ERV1,821,920,796,554
783,L1M,LINE,L1,94,115,200,110
784,Zaphod,DNA,hAT-Tip100,170,152,249,92
785,Tigger18a,DNA,TcMar-Tigger,283,461,733,445
786,tRNA-Arg-CGY_,tRNA,tRNA,0,0,2,0
787,Tigger3,DNA,TcMar-Tigger,338,266,577,238
788,MLT1I-int,LTR,ERVL-MaLR,8,37,152,78
789,MER4B-int,LTR,ERV1,147,140,199,144
790,LTR106_Mam,LTR,LTR,103,24,96,26
791,X6B_LINE,LINE,CR1,286,315,487,223
792,MLT1A-int,LTR,ERVL-MaLR,132,272,160,137
793,tRNA-Ile-ATC,tRNA,tRNA,0,0,0,0
794,Eulor11,DNA,DNA,40,83,24,0
795,Eulor10,DNA?,DNA?,0,0,0,0
796,Eulor12,DNA?,DNA?,0,0,0,0
797,MamGypLTR1c,LTR,Gypsy,68,44,116,69
798,LTR48B,LTR,ERV1,1118,792,496,471
799,Tigger4,DNA,TcMar-Tigger,648,723,869,473
800,tRNA-Ile-ATT,tRNA,tRNA,39,60,20,55
801,AluYe5,SINE,Alu,114,112,155,82
802,AluYe6,SINE,Alu,29,61,41,28
803,LTR13,LTR,ERVK,476,860,988,551
804,LTR14,LTR,ERVK,32,66,58,31
805,LTR15,LTR,ERV1,342,145,390,218
806,LTR16,LTR,ERVL,386,356,294,151
807,LTR17,LTR,ERV1,217,217,494,143
808,tRNA-Leu-CTA_,tRNA,tRNA,0,0,0,0
809,MER5A1,DNA,hAT-Charlie,2351,2583,3088,1808
810,LTR78B,LTR,ERV1,108,395,501,258
811,MER97d,DNA,hAT-Tip100,24,40,103,24
812,MLT1I,LTR,ERVL-MaLR,1244,1647,1590,990
813,MER9B,LTR,ERVK,0,0,0,12
814,LTR51,LTR,ERV1,28,104,79,23
815,X7C_LINE,LINE,CR1,77,112,174,51
816,Merlin1_HS,DNA,Merlin,4,24,72,32
817,LTR40A1,LTR,ERVL,143,76,94,58
818,LTR41C,LTR,ERVL,160,147,228,107
819,LTR41B,LTR,ERVL,343,788,932,737
820,Kanga2_a,DNA,TcMar-Tc2,489,683,956,448
821,LTR29,LTR,ERV1,173,141,213,85
822,LTR14C,LTR,ERVK,12,8,32,2
823,LTR14B,LTR,ERVK,126,52,177,72
824,LTR22B2,LTR,ERVK,0,12,0,16
825,MER101B,LTR,ERV1,27,68,8,0
826,MSTB1,LTR,ERVL-MaLR,609,897,1236,469
827,LTR103b_Mam,LTR,ERV1?,32,92,92,48
828,AluYk11,SINE,Alu,44,106,137,40
829,AluYk12,SINE,Alu,21,18,30,18
830,LTR33B,LTR,ERVL,220,119,228,112
831,HERVE_a-int,LTR,ERV1,63,155,110,54
832,LTR33A,LTR,ERVL,317,402,297,136
833,U14,snRNA,snRNA,96,167,112,106
834,LTR105_Mam,LTR,ERVL,51,36,108,117
835,Tigger19b,DNA,TcMar-Tigger,1187,1460,2107,1231
836,Helitron3Na_Mam,RC,Helitron,192,267,172,218
837,L1PA2,LINE,L1,518,695,896,412
838,L1PA5,LINE,L1,1745,2164,2904,1349
839,L1PA4,LINE,L1,1106,1627,2091,1226
840,L1PA7,LINE,L1,4147,4601,7341,3216
841,L1PA6,LINE,L1,16410,21706,17190,11868
842,L1PA8,LINE,L1,1530,1818,2519,1106
843,MER90,LTR,ERV1,97,140,133,193
844,L1P4c,LINE,L1,0,0,0,0
845,MER94,DNA,hAT-Blackjack,618,1546,1153,661
846,MER11A,LTR,ERVK,212,340,349,178
847,LTR65,LTR,ERV1,124,79,279,204
848,LTR64,LTR,ERV1,48,92,128,122
849,LTR1B,LTR,ERV1,293,247,439,259
850,LTR1C,LTR,ERV1,0,0,0,6
851,LTR1D,LTR,ERV1,94,41,83,33
852,LTR1E,LTR,ERV1,16,28,51,25
853,LTR1F,LTR,ERV1,0,12,12,8
854,LTR62,LTR,ERVL,44,79,68,0
855,MER41B,LTR,ERV1,468,438,477,225
856,MER5B,DNA,hAT-Charlie,4393,5464,6943,3596
857,MER67A,LTR,ERV1,59,84,100,44
858,hAT-N1_Mam,DNA,hAT-Tip100?,167,236,175,94
859,LTR69,LTR,ERVL,0,0,52,0
860,LTR68,LTR,ERV1,12,22,60,40
861,MER5C,DNA,hAT-Charlie,407,270,563,205
862,tRNA-His-CAY,tRNA,tRNA,0,0,0,0
863,AluSg,SINE,Alu,4517,5486,5443,3760
864,MER54B,LTR,ERVL,36,36,40,63
865,MER70A,LTR,ERVL,19,139,116,36
866,Tigger17c,DNA,TcMar-Tigger,235,362,537,353
867,LTR10F,LTR,ERV1,53,35,109,36
868,LTR24B,LTR,ERV1,92,92,349,194
869,Eulor7,DNA?,DNA?,0,0,0,0
870,MER97c,DNA,hAT-Tip100,16,35,0,8
871,L1MD3,LINE,L1,1066,1170,2247,1028
872,L1MD2,LINE,L1,3250,3593,4961,2505
873,L1MD1,LINE,L1,1566,1987,2805,1605
874,HERV17-int,LTR,ERV1,364,599,659,262
875,LTR1C1,LTR,ERV1,12,12,4,2
876,LTR1C3,LTR,ERV1,0,0,0,0
877,Eulor1,DNA,DNA,0,0,0,0
878,MER70B,LTR,ERVL,0,4,36,27
879,tRNA-Gly-GGY,tRNA,tRNA,0,0,8,12
880,LTR84a,LTR,ERVL,102,112,99,76
881,LTR84b,LTR,ERVL,256,121,244,168
882,UCON6,Unknown,Unknown,111,290,236,95
883,tRNA-Gly-GGG,tRNA,tRNA,2,0,0,12
884,MLT1G1-int,LTR,ERVL-MaLR,24,80,80,24
885,MER77B,LTR,ERVL,446,454,392,186
886,MER132,DNA,TcMar-Pogo,0,0,0,0
887,Tigger17b,DNA,TcMar-Tigger,12,24,32,0
888,L1ME3A,LINE,L1,4140,4959,6911,3653
889,L1ME3B,LINE,L1,2708,3280,5030,2721
890,L1ME3C,LINE,L1,400,766,1178,475
891,L1ME3D,LINE,L1,1173,1534,2564,1363
892,L1MEf,LINE,L1,2840,3806,8958,3917
893,L1ME3F,LINE,L1,2063,2577,3138,1613
894,L1ME3G,LINE,L1,4834,5409,7220,3400
895,Tigger1a_Art,DNA,TcMar-Tigger,59,25,88,5
896,MER57F,LTR,ERV1,55,12,121,47
897,MER57D,LTR,ERV1,72,88,54,20
898,MER47C,DNA,TcMar-Tigger,257,185,296,148
899,MER47B,DNA,TcMar-Tigger,68,140,122,72
900,MER47A,DNA,TcMar-Tigger,976,1392,1621,947
901,SVA_D,Retroposon,SVA,163,225,272,171
902,SVA_E,Retroposon,SVA,66,88,131,71
903,D20S16,Satellite,Satellite,11,5,4,3
904,MER30B,DNA,hAT-Charlie,13,72,64,68
905,SVA_A,Retroposon,SVA,203,313,261,175
906,SVA_B,Retroposon,SVA,151,183,227,129
907,FAM,SINE,Alu,721,1055,1019,710
908,MER89-int,LTR,ERV1,41,104,120,87
909,MER90a,LTR,ERV1,285,329,449,218
910,MER97a,DNA,hAT-Tip100,8,0,0,0
911,tRNA-Thr-ACY_,tRNA,tRNA,0,0,0,0
912,MLT1F-int,LTR,ERVL-MaLR,86,180,224,95
913,MER34C_,LTR,ERV1,37,112,32,77
914,Tigger14a,DNA,TcMar-Tigger,308,579,571,350
915,MSTD-int,LTR,ERVL-MaLR,308,93,325,147
916,Charlie22a,DNA,hAT-Charlie,216,355,221,287
917,L1MC4a,LINE,L1,3774,4554,7263,4233
918,Helitron2Na_Mam,RC?,Helitron?,378,521,323,247
919,Ricksha_a,DNA,MULE-MuDR,12,52,8,24
920,LFSINE_Vert,SINE,tRNA,856,884,1110,746
921,L1MDb,LINE,L1,447,210,426,229
922,L1MDa,LINE,L1,1548,1649,3027,1313
923,UCON38,Unknown,Unknown,0,16,28,0
924,7SLRNA,srpRNA,srpRNA,125163,148194,49518,39868
925,MER6B,DNA,TcMar-Tigger,172,139,220,185
926,LOR1-int,LTR,ERV1,1078,596,635,488
927,LTR72,LTR,ERV1,63,55,52,20
928,UCON37,Unknown,Unknown,32,0,12,0
929,HERVP71A-int,LTR,ERV1,92,164,195,199
930,L1P3b,LINE,L1,4,0,2,1
931,LTR73,LTR,ERV1,32,39,52,44
932,HERV35I-int,LTR,ERV1,80,92,168,156
933,MER68,LTR,ERVL,595,705,1118,466
934,LTR108d_Mam,LTR,ERVL,0,0,8,0
935,MamGypsy2-I,LTR,Gypsy,194,335,335,233
936,tRNA-Tyr-TAT,tRNA,tRNA,0,0,0,0
937,MER110-int,LTR,ERV1,8,120,83,72
938,Tigger2a,DNA,TcMar-Tigger,636,854,1148,639
939,MLT1C-int,LTR,ERVL-MaLR,122,220,246,48
940,HY1,scRNA,scRNA,249,368,254,203
941,HY3,scRNA,scRNA,152,180,256,95
942,HY4,scRNA,scRNA,64,51,129,59
943,HY5,scRNA,scRNA,89,100,0,20
944,MamRep605,LTR?,LTR?,1129,1229,1555,750
945,tRNA-Thr-ACY,tRNA,tRNA,0,0,0,0
946,MER87,LTR,ERV1,4,32,44,16
947,MER89,LTR,ERV1,156,187,239,122
948,HUERS-P3b-int,LTR,ERV1,238,464,474,359
949,MER133B,DNA?,DNA?,0,0,0,0
950,HERV9N-int,LTR,ERV1,29,67,175,59
951,MER133A,DNA?,DNA?,0,0,8,0
952,Eulor5A,DNA?,DNA?,0,40,28,24
953,5S,rRNA,rRNA,1790,3648,455,336
954,Eulor5B,DNA?,DNA?,0,0,12,0
955,LTR19B,LTR,ERV1,52,164,68,35
956,LTR19C,LTR,ERV1,24,85,111,51
957,LTR19A,LTR,ERV1,383,460,505,309
958,MLT1J2,LTR,ERVL-MaLR,1096,1097,1424,615
959,MamRep564,Unknown,Unknown,199,144,287,216
960,UCON28c,Unknown,Unknown,0,8,24,0
961,MLT1J1,LTR,ERVL-MaLR,589,458,726,267
962,UCON34,Unknown,Unknown,76,51,120,127
963,LTR2C,LTR,ERV1,68,71,117,81
964,LTR2B,LTR,ERV1,100,70,87,54
965,HAL1M8,LINE,L1,751,786,1348,531
966,AluYi6,SINE,Alu,38,53,80,26
967,MSR1,Satellite,Satellite,149,85,90,66
968,Tigger8,DNA,TcMar-Tigger,239,247,435,170
969,LTR49-int,LTR,ERV1,381,362,534,258
970,MER31-int,LTR,ERV1,67,182,381,231
971,Tigger1,DNA,TcMar-Tigger,7130,8949,11927,5716
972,tRNA-Ala-GCY_,tRNA,tRNA,0,16,0,0
973,Kanga1d,DNA,TcMar-Tc2,72,52,256,47
974,Tigger2,DNA,TcMar-Tigger,995,1771,2456,1072
975,Kanga1b,DNA,TcMar-Tc2,8,91,97,12
976,Kanga1c,DNA,TcMar-Tc2,184,215,300,168
977,Tigger7,DNA,TcMar-Tigger,1020,1299,1745,1018
978,Kanga1a,DNA,TcMar-Tc2,108,204,280,95
979,L1M3b,LINE,L1,16,148,149,108
980,UCON71,Unknown,Unknown,0,0,12,0
981,LTR10A,LTR,ERV1,24,134,182,121
982,tRNA-Asp-GAY,tRNA,tRNA,0,0,0,19
983,LTR10C,LTR,ERV1,175,174,181,108
984,LTR10B,LTR,ERV1,28,35,12,31
985,LTR10E,LTR,ERV1,68,30,81,21
986,LTR10D,LTR,ERV1,16,43,64,12
987,LTR10G,LTR,ERV1,0,24,28,2
988,AluY,SINE,Alu,8084,9552,10053,6615
989,SATR2,Satellite,Satellite,25,68,43,6
990,LTR16D1,LTR,ERVL,56,114,84,12
991,LTR16D2,LTR,ERVL,36,28,42,5
992,L1M3a,LINE,L1,191,161,409,152
993,MER57B1,LTR,ERV1,84,120,99,128
994,UCON85,Unknown,Unknown,0,0,0,4
995,L2-1_AMi,LINE,L2,192,255,492,176
996,MER57B2,LTR,ERV1,151,221,279,147
997,MamSINE1,SINE,tRNA-RTE,2385,3069,4368,2232
998,UCON11,DNA,TcMar-Tigger,0,0,8,0
999,Tigger3a,DNA,TcMar-Tigger,1098,1720,2309,1020
1000,HERVL40-int,LTR,ERVL,407,368,733,188
1001,MER53,DNA,hAT,517,1124,759,553
1002,MER50,LTR,ERV1,263,429,262,178
1003,MER52-int,LTR,ERV1,82,8,46,20
1004,UCON76,Unknown,Unknown,0,0,0,0
1005,Penelope1_Vert,LINE,Penelope,398,316,464,344
1006,MER87B,LTR,ERV1,24,28,96,24
1007,MamRep434,DNA,TcMar-Tigger,670,943,1127,462
1008,HERVFH19-int,LTR,ERV1,28,73,115,28
1009,L2-3_Crp,LINE,L2,415,616,663,197
1010,HERVK14C-int,LTR,ERVK,17,8,28,0
1011,HAL1ME,LINE,L1,1137,1167,2474,1088
1012,LTR28,LTR,ERV1,32,36,16,4
1013,MLT1A1-int,LTR,ERVL-MaLR,175,130,196,56
1014,FLAM_C,SINE,Alu,2960,2915,4781,3103
1015,LTR81AB,LTR,Gypsy,0,16,15,0
1016,FLAM_A,SINE,Alu,2208,2114,3143,1504
1017,L1M6B,LINE,L1,102,220,377,262
1018,MER121,DNA,hAT?,20,28,16,14
1019,LTR37B,LTR,ERV1,225,328,359,224
1020,LTR23,LTR,ERV1,188,171,200,123
1021,LTR22,LTR,ERVK,36,15,57,0
1022,LTR25,LTR,ERV1,59,77,50,10
1023,LTR12,LTR,ERV1,140,143,198,53
1024,LTR27,LTR,ERV1,20,20,12,28
1025,LTR26,LTR,ERV1,104,96,92,76
1026,LTR7A,LTR,ERV1,14,9,17,1
1027,tRNA-Thr-ACG_,tRNA,tRNA,0,0,0,0
1028,LTR6A,LTR,ERV1,231,151,139,109
1029,LTR37A,LTR,ERV1,44,206,289,148
1030,L1ME3Cz,LINE,L1,2185,2925,4925,2741
1031,MER92D,LTR,ERV1,64,108,60,20
1032,MER4E1,LTR,ERV1,161,208,397,150
1033,MLT1O,LTR,ERVL-MaLR,537,904,995,564
1034,U8,snRNA,snRNA,0,0,16,0
1035,U5,snRNA,snRNA,16,48,63,0
1036,MER125,DNA,DNA,0,0,16,0
1037,U7,snRNA,snRNA,39,7,64,36
1038,HAL1b,LINE,L1,733,924,1398,956
1039,U1,snRNA,snRNA,394,193,177,97
1040,U3,snRNA,snRNA,10217,11396,4921,5992
1041,LTR24,LTR,ERV1,116,235,95,44
1042,MLT2B1,LTR,ERVL,377,491,436,144
1043,MER1A,DNA,hAT-Charlie,1105,989,1393,782
1044,MER57A1,LTR,ERV1,116,232,233,44
1045,MER127,DNA,TcMar-Tigger,16,83,64,39
1046,MLT1A0-int,LTR,ERVL-MaLR,97,244,267,130
1047,LTR86A1,LTR,ERVL,66,94,151,121
1048,LTR86A2,LTR,ERVL,32,56,63,30
1049,MER126,DNA,DNA,43,69,108,40
1050,tRNA-Arg-CGA_,tRNA,tRNA,0,0,0,0
1051,MER9a1,LTR,ERVK,16,20,72,36
1052,Charlie16a,DNA,hAT-Charlie,487,525,583,434
1053,MER9a3,LTR,ERVK,227,394,193,237
1054,MER63A,DNA,hAT-Blackjack,426,585,569,276
1055,MER63C,DNA,hAT-Blackjack,71,123,237,132
1056,MER51C,LTR,ERV1,12,36,50,26
1057,MER63D,DNA,hAT-Blackjack,165,249,298,352
1058,MLT2C1,LTR,ERVL,234,444,557,205
1059,UCON97,DNA,DNA,0,4,0,0
1060,MLT2B5,LTR,ERVL,0,0,36,19
1061,MLT-int,LTR,ERVL-MaLR,160,161,177,63
1062,MLT2B4,LTR,ERVL,667,399,617,472
1063,AluSq4,SINE,Alu,388,268,377,359
1064,AluSq2,SINE,Alu,6499,7356,8935,5876
1065,MLT1F1-int,LTR,ERVL-MaLR,108,36,116,68
1066,MER94B,DNA,hAT-Blackjack,96,39,72,32
1067,Tigger20a,DNA,TcMar-Tigger,332,379,320,228
1068,U2,snRNA,snRNA,772,1032,383,371
1069,Charlie7a,DNA,hAT-Charlie,148,358,640,210
1070,MER45A,DNA,hAT-Tip100,261,311,455,425
1071,UCON15,Unknown,Unknown,4,0,0,0
1072,MLT1E1A-int,LTR,ERVL-MaLR,44,20,32,0
1073,MERX,DNA,TcMar-Tigger,77,104,96,63
1074,HERVIP10B3-int,LTR,ERV1,565,535,1213,721
1075,MER34C2,LTR,ERV1,280,278,115,155
1076,Charlie26a,DNA,hAT-Charlie,92,93,120,98
1077,Cheshire,DNA,hAT-Charlie,496,460,627,400
1078,L1ME2,LINE,L1,3517,3865,6371,3508
1079,MER75B,DNA,PiggyBac,24,17,0,12
1080,Charlie30a,DNA,hAT-Charlie,260,242,407,288
1081,LTR7Y,LTR,ERV1,136,237,147,50
1082,MSTD,LTR,ERVL-MaLR,1245,1393,1648,938
1083,LTR1F2,LTR,ERV1,59,51,156,23
1084,LTR1F1,LTR,ERV1,84,15,64,4
1085,tRNA-Val-GTG,tRNA,tRNA,0,0,24,14
1086,HERVK9-int,LTR,ERVK,365,403,353,325
1087,tRNA-Ser-AGY,tRNA,tRNA,8,32,0,12
1088,HERVIP10F-int,LTR,ERV1,144,167,366,201
1089,HERV3-int,LTR,ERV1,228,354,200,124
1090,U17,snRNA,snRNA,4767,5179,1520,1367
1091,MER92A,LTR,ERV1,36,12,12,0
1092,UCON100,DNA?,DNA?,0,4,0,0
1093,MER70-int,LTR,ERVL,52,84,76,34
1094,CR1-11_Crp,LINE,CR1,24,0,4,12
1095,UCON74,DNA?,DNA?,20,16,63,43
1096,AluJb,SINE,Alu,18345,21726,26626,16165
1097,AluSc5,SINE,Alu,547,841,672,450
1098,SATR1,Satellite,Satellite,26,40,44,34
1099,AluSc8,SINE,Alu,1958,2501,3149,2060
1100,L1PA10,LINE,L1,1751,2059,2528,1385
1101,L1PA13,LINE,L1,1668,2970,3278,1695
1102,L1PA12,LINE,L1,811,877,790,401
1103,AluJo,SINE,Alu,10975,11639,15723,9622
1104,L1PA14,LINE,L1,693,916,1357,579
1105,AluYh3a3,SINE,Alu,33,42,56,49
1106,L1PA16,LINE,L1,2816,3571,4895,2193
1107,HERVFH21-int,LTR,ERV1,8,12,12,44
1108,L1MC,LINE,L1,948,1284,2049,1130
1109,UCON65,Unknown,Unknown,0,0,0,0
1110,UCON64,Unknown,Unknown,0,0,8,0
1111,UCON63,Unknown,Unknown,0,0,8,0
1112,LTR43,LTR,ERV1,31,72,49,23
1113,L1MD,LINE,L1,1861,2526,3405,1844
1114,MLT1J,LTR,ERVL-MaLR,2766,3620,4047,1957
1115,MLT1N2,LTR,ERVL-MaLR,549,647,712,350
1116,UCON28a,Unknown,Unknown,0,3,4,0
1117,UCON28b,Unknown,Unknown,0,0,0,0
1118,LSU-rRNA_Hsa,rRNA,rRNA,11282,13929,3229,3028
1119,MLT1H2-int,LTR,ERVL-MaLR,40,44,52,20
1120,HERVL18-int,LTR,ERVL,341,287,336,70
1121,tRNA-Phe-TTY,tRNA,tRNA,0,0,0,0
1122,tRNA-Thr-ACA,tRNA,tRNA,24,0,0,0
1123,MSTB2-int,LTR,ERVL-MaLR,28,13,40,16
1124,MamRep137,DNA,TcMar-Tigger,628,736,1252,723
1125,MER66B,LTR,ERV1,291,525,537,272
1126,MER83,LTR,ERV1,92,168,206,81
1127,MER91A,DNA,hAT-Tip100,450,780,484,354
1128,MIR1_Amn,SINE,MIR,2394,2908,2954,2080
1129,MER45R,DNA,hAT-Tip100,26,83,19,20
1130,MER4D0,LTR,ERV1,71,116,320,105
1131,BLACKJACK,DNA,hAT-Blackjack,410,356,503,265
1132,MLT1A1,LTR,ERVL-MaLR,1118,1325,1590,907
1133,MLT1A0,LTR,ERVL-MaLR,2872,3290,4512,2471
1134,L2-3_AMi,LINE,L2,0,0,0,0
1135,HERVL-int,LTR,ERVL,1090,1630,1514,823
1136,MER91C,DNA,hAT-Tip100,131,211,223,218
1137,L1MA5,LINE,L1,902,1224,2064,1216
1138,MLT1N2-int,LTR,ERVL-MaLR,0,8,0,0
1139,U6,snRNA,snRNA,293,285,413,201
1140,X7B_LINE,LINE,CR1,69,129,180,128
1141,L1M2a,LINE,L1,789,888,944,641
1142,MamRep1879,DNA,hAT-Tip100?,196,147,208,153
1143,L1M2c,LINE,L1,223,183,277,157
1144,L1M2b,LINE,L1,59,98,112,36
1145,CR1-8_Crp,LINE,CR1,0,0,0,0
1146,LTR22A,LTR,ERVK,17,17,102,26
1147,HERV-Fc1-int,LTR,ERV1,0,0,12,1
1148,AluSz6,SINE,Alu,6113,6482,8988,5498
1149,L1PA8A,LINE,L1,582,711,1233,493
1150,MER68B,LTR,ERVL,164,88,236,159
1151,MER68C,LTR,ERVL,12,24,44,15
1152,MER83C,LTR,ERV1,12,20,12,0
1153,MER50C,LTR,ERV1,12,20,71,56
1154,AluYd8,SINE,Alu,12,49,16,8
1155,MER52A,LTR,ERV1,355,798,698,352
1156,tRNA-Trp-TGG,tRNA,tRNA,0,0,0,0
1157,MER52C,LTR,ERV1,32,188,112,75
1158,L1M2,LINE,L1,1777,2378,4008,1614
1159,L1M3,LINE,L1,829,1094,2023,1038
1160,L2c,LINE,L2,39349,47590,62273,34003
1161,L1M1,LINE,L1,2062,2483,3562,1683
1162,L1M6,LINE,L1,725,747,1218,621
1163,L1M7,LINE,L1,545,558,996,468
1164,L1M4,LINE,L1,4490,5593,9281,4283
1165,L1M5,LINE,L1,8841,10301,17757,8943
1166,MLT1G,LTR,ERVL-MaLR,533,750,711,326
1167,MLT1F,LTR,ERVL-MaLR,860,1412,1186,822
1168,L1M8,LINE,L1,302,388,894,310
1169,MLT1D,LTR,ERVL-MaLR,3711,5097,6188,3260
1170,MLT1C,LTR,ERVL-MaLR,3450,4137,5567,3147
1171,MLT1B,LTR,ERVL-MaLR,12499,11579,6645,4502
1172,MLT1A,LTR,ERVL-MaLR,1383,1797,2214,1431
1173,tRNA-Ser-TCA_m_,tRNA,tRNA,8,20,50,46
1174,MER4A1,LTR,ERV1,739,725,670,437
1175,UCON99,DNA,DNA,0,0,12,4
1176,Looper,DNA,PiggyBac,161,203,376,237
1177,UCON92,Unknown,Unknown,0,0,28,0
1178,MLT1B-int,LTR,ERVL-MaLR,376,355,493,216
1179,LTR9B,LTR,ERV1,271,333,311,164
1180,LTR9C,LTR,ERV1,31,8,20,28
1181,LTR9D,LTR,ERV1,155,150,228,142
1182,UCON22,Unknown,Unknown,0,0,12,0
1183,UCON94,Unknown,Unknown,12,0,12,0
1184,MADE1,DNA,TcMar-Mariner,479,360,669,271
1185,MADE2,DNA,TcMar-Mariner,379,557,358,260
1186,AluSp,SINE,Alu,6522,7410,7930,6007
1187,AluSq,SINE,Alu,2723,3334,3643,2675
1188,PABL_A-int,LTR,ERV1,148,87,158,114
1189,LTR33C,LTR,ERVL,71,99,67,99
1190,tRNA-Lys-AAG,tRNA,tRNA,16,60,48,16
1191,AluSx,SINE,Alu,15578,17102,20782,14281
1192,AluSz,SINE,Alu,12911,14699,17600,11344
1193,Ricksha_b,DNA,MULE-MuDR,0,38,64,1
1194,PABL_B,LTR,ERV1,7,66,109,25
1195,Charlie20a,DNA,hAT-Charlie,196,175,228,124
1196,L1MEh,LINE,L1,372,366,604,395
1197,L1MEi,LINE,L1,686,837,1381,415
1198,L1MEj,LINE,L1,301,356,620,206
1199,AluSc,SINE,Alu,5575,5580,6393,4407
1200,L1MEd,LINE,L1,3070,3848,6258,3535
1201,tRNA-Gly-GGA,tRNA,tRNA,8,44,0,8
1202,Charlie23a,DNA,hAT-Charlie,250,284,282,87
1203,L1MEg,LINE,L1,2240,2685,4607,2439
1204,LTR7B,LTR,ERV1,177,131,265,170
1205,L1MEa,LINE,L1,64,20,68,9
1206,L1MEb,LINE,L1,164,358,871,279
1207,L1MEc,LINE,L1,3899,3825,7367,3179
1208,LTR76,LTR,ERV1,83,151,207,86
1209,LTR77,LTR,ERV1,0,0,24,16
1210,LTR101_Mam,LTR,ERVL,152,240,306,43
1211,LTR75,LTR,ERVL,97,156,116,36
1212,LTR47A,LTR,ERVL,135,161,166,126
1213,AluYc3,SINE,Alu,121,95,84,108
1214,LTR70,LTR,ERV1,114,183,301,155
1215,LTR47B,LTR,ERVL,0,0,0,0
1216,tRNA-Glu-GAG,tRNA,tRNA,0,0,0,0
1217,Tigger3d,DNA,TcMar-Tigger,193,236,253,188
1218,Tigger3c,DNA,TcMar-Tigger,592,755,796,387
1219,MLT1E1A,LTR,ERVL-MaLR,640,517,593,505
1220,LTR78,LTR,ERV1,755,728,778,281
1221,LTR79,LTR,ERVL,621,849,509,359
1222,tRNA-Tyr-TAC,tRNA,tRNA,0,12,0,0
1223,LTR67B,LTR,ERVL,323,750,807,351
1224,MSTA1-int,LTR,ERVL-MaLR,16,0,4,0
1225,MER113A,DNA,hAT-Charlie,446,625,494,338
1226,MER113B,DNA,hAT-Charlie,153,144,294,118
1227,tRNA-Glu-GAG_,tRNA,tRNA,1725,554,35,54
1228,MamRep1527,LTR,LTR,86,99,92,53
1229,MER1B,DNA,hAT-Charlie,1731,2035,2354,1302
1230,LTR1B1,LTR,ERV1,8,28,23,0
1231,LTR1B0,LTR,ERV1,0,52,16,4
1232,LTR37-int,LTR,ERV1,201,626,651,417
1233,Harlequin-int,LTR,ERV1,393,462,504,377
1234,LTR88a,LTR,Gypsy?,72,148,96,16
1235,tRNA-Ala-GCG,tRNA,tRNA,32,0,0,0
1236,L1ME5,LINE,L1,543,614,1049,582
1237,HERV16-int,LTR,ERVL,187,241,202,65
1238,L1ME1,LINE,L1,9622,11823,17946,8360
1239,CR1-L3B_Croc,LINE,CR1,0,0,0,0
1240,L1ME3,LINE,L1,2912,2918,5099,2187
1241,MSTC-int,LTR,ERVL-MaLR,104,36,124,20
1242,L1PBa1,LINE,L1,148,290,362,101
1243,LTR43-int,LTR,ERV1,33,16,14,0
1244,LTR7C,LTR,ERV1,171,233,218,193
1245,tRNA-Ala-GCY,tRNA,tRNA,0,0,0,0
1246,L1MA5A,LINE,L1,902,1136,1683,776
1247,LTR5_Hs,LTR,ERVK,145,192,325,265
1248,MER5A,DNA,hAT-Charlie,6210,8419,12329,7338
1249,REP522,Satellite,telo,15,13,8,4
1250,AmnSINE1,SINE,5S-Deu-L2,1483,1647,1922,1250
1251,X7D_LINE,LINE,CR1,0,0,0,0
1252,AmnSINE2,SINE,tRNA-Deu,120,152,204,125
1253,Tigger3b,DNA,TcMar-Tigger,1770,2152,2831,1547
1254,MSTB-int,LTR,ERVL-MaLR,402,545,471,287
1255,MLT1L-int,LTR,ERVL-MaLR,0,4,0,28
1256,L1PA3,LINE,L1,1138,1107,1685,702
1257,MamRep1894,DNA,hAT,68,72,113,91
1258,UCON20,Unknown,Unknown,0,12,0,0
1259,MER57E2,LTR,ERV1,0,0,8,4
1260,MER99,DNA,hAT?,4,36,52,0
1261,UCON50,Unknown,Unknown,28,4,12,0
1262,CRP1,SINE?,tRNA,0,0,0,0
1263,UCON44,Unknown,Unknown,0,0,16,4
1264,MLT1O-int,LTR,ERVL-MaLR,0,0,0,0
1265,MLT1H,LTR,ERVL-MaLR,1764,2145,2412,1164
1266,UCON47,Unknown,Unknown,83,140,40,40
