,gene,class,family,S39,S40,S31,S32
0,MER11B,LTR,ERVK,29203,57481,12480,10013
1,MER44B,DNA,TcMar-Tigger,1166,1621,1264,537
2,UCON80_AMi,Unknown,Unknown,174,236,126,213
3,MSTA1,LTR,ERVL-MaLR,64,189,86,138
4,MLT1E1-int,LTR,ERVL-MaLR,4,0,0,0
5,UCON27,Unknown,Unknown,24,0,8,16
6,MER96B,DNA,hAT-Tip100,299,392,455,319
7,MLT1E2-int,LTR,ERVL-MaLR,23,178,50,18
8,UCON29,DNA,PiggyBac?,12,143,107,27
9,Zaphod2,DNA,hAT-Tip100,147,159,252,94
10,MER41E,LTR,ERV1,164,265,100,62
11,MER41D,LTR,ERV1,168,168,128,44
12,MER41G,LTR,ERV1,0,150,4,19
13,MLT2B3,LTR,ERVL,624,870,913,304
14,LTR82B,LTR,ERVL,189,349,330,187
15,UCON26,Unknown,Unknown,28,27,136,12
16,MER41C,LTR,ERV1,183,140,130,36
17,CR1-L3A_Croc,LINE,CR1,45,0,64,18
18,L1M4a2,LINE,L1,545,408,515,384
19,L1M4a1,LINE,L1,697,670,940,405
20,UCON19,Unknown,Unknown,0,0,0,0
21,MER96,DNA,hAT-Tip100,49,4,107,59
22,MER20B,DNA,hAT-Charlie,1497,1600,1454,720
23,LTR82A,LTR,ERVL,346,549,337,144
24,MLT1E3,LTR,ERVL-MaLR,398,682,402,265
25,LTR35A,LTR,ERV1,20,0,20,0
26,LTR35B,LTR,ERV1,48,0,44,20
27,MER95,LTR,ERV1,68,155,16,35
28,MER44A,DNA,TcMar-Tigger,2394,2372,1864,1423
29,MSTB2,LTR,ERVL-MaLR,386,477,430,153
30,CER,Satellite,Satellite,58,94,98,27
31,AluYh7,SINE,Alu,6,7,6,7
32,Charlie15b,DNA,hAT-Charlie,647,1089,723,316
33,LTR52-int,LTR,ERVL,24,46,24,0
34,Charlie15a,DNA,hAT-Charlie,1126,1385,1257,826
35,LTR85c,LTR,Gypsy?,186,239,252,143
36,LTR85b,LTR,Gypsy?,71,256,121,87
37,LTR85a,LTR,Gypsy?,302,411,313,219
38,MER97b,DNA,hAT-Tip100,0,67,0,4
39,Tigger12c,DNA,TcMar-Tigger,120,118,441,115
40,AluYh9,SINE,Alu,2,3,5,17
41,LTR66,LTR,ERVL,33,20,117,27
42,LTR103_Mam,LTR,ERV1?,36,83,47,12
43,LTR61,LTR,ERV1,28,192,73,32
44,tRNA-Leu-TTA_m_,tRNA,tRNA,167,417,20,32
45,FordPrefect_a,DNA,hAT-Tip100,63,98,0,0
46,UCON67,Unknown,Unknown,24,0,0,15
47,LTR60,LTR,ERV1,8,93,0,1
48,tRNA-Leu-CTY,tRNA,tRNA,0,0,12,0
49,LTR60B,LTR,ERV1,60,64,8,0
50,UCON58,Unknown,Unknown,0,0,0,0
51,UCON59,Unknown,Unknown,4,0,0,14
52,UCON24,Unknown,Unknown,0,0,0,0
53,UCON57,Unknown,Unknown,0,0,0,0
54,UCON54,Unknown,Unknown,40,4,4,31
55,UCON55,DNA,TcMar-Tigger,116,100,151,68
56,UCON53,Unknown,Unknown,0,0,0,0
57,HERVKC4-int,LTR,ERVK,49,45,4,31
58,LSAU,Satellite,Satellite,0,0,0,0
59,Chap1_Mam,DNA,hAT-Charlie,504,853,489,268
60,LTR3,LTR,ERVK,221,513,280,118
61,X5B_LINE,LINE,CR1,29,13,50,14
62,AluSg7,SINE,Alu,1291,2379,1294,1089
63,AluYi6_4d,SINE,Alu,32,45,27,19
64,LTR4,LTR,ERV1,75,120,68,59
65,LTR5,LTR,ERVK,40,47,45,32
66,LTR8,LTR,ERV1,1013,2108,1270,866
67,LTR9,LTR,ERV1,103,307,242,101
68,UCON66,Unknown,Unknown,0,0,12,0
69,ORSL,DNA,hAT-Tip100,203,435,298,205
70,X9_LINE,LINE,L1,414,461,494,248
71,MER57C2,LTR,ERV1,20,20,48,20
72,HERVH48-int,LTR,ERV1,237,350,92,20
73,MER57C1,LTR,ERV1,16,95,65,61
74,LTR13A,LTR,ERVK,173,55,212,81
75,hAT-16_Crp,DNA,hAT-Charlie,0,0,0,0
76,MSTB1-int,LTR,ERVL-MaLR,44,71,104,40
77,tRNA-Asn-AAT,tRNA,tRNA,0,0,0,0
78,L1PB3,LINE,L1,2177,5965,2091,1219
79,MER115,DNA,hAT-Tip100,676,1294,675,270
80,Tigger13a,DNA,TcMar-Tigger,956,1354,1169,458
81,MER117,DNA,hAT-Charlie,1229,1615,1092,641
82,MER110,LTR,ERV1,30,40,112,40
83,MER112,DNA,hAT-Charlie,1578,2105,1823,821
84,L1PB1,LINE,L1,4178,5537,5109,2382
85,MER74A,LTR,ERVL,398,862,457,156
86,HERVK11D-int,LTR,ERVK,11,0,0,12
87,LTR13_,LTR,ERVK,203,148,33,35
88,MER119,DNA,hAT-Charlie,569,448,360,256
89,MER5C1,DNA,hAT-Charlie,120,379,205,82
90,PABL_A,LTR,ERV1,178,172,167,95
91,LTR38,LTR,ERV1,4,0,0,4
92,ALR_Alpha,Satellite,centr,3004,3177,2237,1677
93,MamGypLTR3,LTR,Gypsy,43,72,56,28
94,MER65-int,LTR,ERV1,196,480,179,85
95,MLT1K,LTR,ERVL-MaLR,3356,4934,4061,2086
96,LTR32,LTR,ERVL,356,367,388,191
97,LTR33,LTR,ERVL,1521,2700,1331,731
98,L1MA10,LINE,L1,1070,1535,1155,718
99,LTR31,LTR,ERV1,32,59,16,8
100,AluYg6,SINE,Alu,36,97,51,52
101,LTR34,LTR,ERV1,52,132,84,30
102,LTR35,LTR,ERV1,62,54,29,28
103,MLT2B2,LTR,ERVL,187,329,168,219
104,HERVK13-int,LTR,ERVK,96,148,204,94
105,UCON25,Unknown,Unknown,0,0,16,0
106,Tigger17a,DNA,TcMar-Tigger,1250,1375,1258,706
107,L1P1,LINE,L1,766,1128,910,410
108,L1P3,LINE,L1,1171,1728,1374,683
109,L1P2,LINE,L1,1010,1425,1214,462
110,L1P5,LINE,L1,36,10,31,29
111,L1P4,LINE,L1,573,511,850,558
112,LTR108b_Mam,LTR,ERVL,16,0,0,0
113,LTR21A,LTR,ERV1,2240,3089,2535,1772
114,tRNA-Arg-AGA,tRNA,tRNA,0,8,0,0
115,LTR21C,LTR,ERVL,0,0,0,0
116,LTR21B,LTR,ERV1,28,0,0,0
117,LTR86B1,LTR,ERVL,148,134,75,52
118,LTR86B2,LTR,ERVL,20,0,0,15
119,UCON103,Unknown,Unknown,0,0,0,0
120,UCON101,Unknown,Unknown,0,0,0,0
121,L1PB,LINE,L1,211,491,326,147
122,UCON107,DNA,hAT-Tag1,16,0,76,67
123,ERV3-16A3_LTR,LTR,ERVL,157,244,126,108
124,tRNA-Glu-GAA,tRNA,tRNA,105,120,9,6
125,LTR18A,LTR,ERVL,85,175,20,59
126,LTR18C,LTR,ERVL,20,35,0,0
127,LTR18B,LTR,ERVL,76,255,104,47
128,ERV24_Prim-int,LTR,ERV1,44,113,96,36
129,MER70C,LTR,ERVL,16,28,36,0
130,LTR3B,LTR,ERVK,4,2,5,0
131,LTR3A,LTR,ERVK,102,163,105,44
132,MSTA,LTR,ERVL-MaLR,3261,6279,3448,1732
133,MSTB,LTR,ERVL-MaLR,2267,2501,2243,1127
134,LTR59,LTR,ERV1,32,4,9,16
135,MER11D,LTR,ERVK,16,34,21,54
136,LTR108a_Mam,LTR,ERVL,16,0,12,12
137,GSATII,Satellite,centr,23,52,11,1
138,ERVL47-int,LTR,ERVL,44,192,12,24
139,MER11C,LTR,ERVK,271,652,311,152
140,MER83B,LTR,ERV1,99,28,57,25
141,LTR24C,LTR,ERV1,47,21,71,42
142,LTR54,LTR,ERV1,144,211,128,102
143,tRNA-Pro-CCY,tRNA,tRNA,16,0,8,0
144,MER129,LTR?,LTR?,56,0,0,4
145,MER6C,DNA,TcMar-Tigger,60,0,20,0
146,LTR16B,LTR,ERVL,153,100,175,93
147,MER6A,DNA,TcMar-Tigger,282,366,496,362
148,MER130,DNA,DNA,24,0,0,20
149,Tigger15a,DNA,TcMar-Tigger,1583,2425,2141,1265
150,Tigger2b_Pri,DNA,TcMar-Tigger,699,593,876,498
151,Kanga11a,DNA,TcMar-Tc2,110,157,156,145
152,MER131,DNA?,DNA?,308,190,676,441
153,THE1D,LTR,ERVL-MaLR,1970,3645,1933,1143
154,Ricksha_c,DNA,MULE-MuDR,242,288,354,200
155,FordPrefect,DNA,hAT-Tip100,231,607,181,126
156,Charlie10a,DNA,hAT-Charlie,190,136,136,136
157,L1M3c,LINE,L1,303,224,374,137
158,Charlie10b,DNA,hAT-Charlie,56,214,68,12
159,L1M3f,LINE,L1,211,267,202,111
160,L1M3d,LINE,L1,116,165,135,75
161,L1M3e,LINE,L1,392,790,480,206
162,LTR47B4,LTR,ERVL,20,8,36,8
163,MLT2C2,LTR,ERVL,180,140,153,85
164,MER92C,LTR,ERV1,0,28,8,4
165,MER92B,LTR,ERV1,229,333,410,302
166,CR1-13_AMi,LINE,CR1,0,4,12,0
167,MER134,DNA?,DNA?,0,0,20,0
168,LTR47B2,LTR,ERVL,3,119,29,2
169,LTR47B3,LTR,ERVL,56,0,16,20
170,LTR1A2,LTR,ERV1,384,611,345,125
171,MER51A,LTR,ERV1,404,650,623,462
172,MER51B,LTR,ERV1,40,168,92,44
173,LTR1A1,LTR,ERV1,16,262,67,50
174,MER51D,LTR,ERV1,12,0,8,7
175,MER51E,LTR,ERV1,36,39,64,4
176,Tigger5,DNA,TcMar-Tigger,283,117,259,144
177,HERV4_I-int,LTR,ERV1,135,386,113,87
178,LTR86C,LTR,ERVL,44,67,52,8
179,MER45C,DNA,hAT-Tip100,166,677,278,88
180,MER45B,DNA,hAT-Tip100,188,413,300,199
181,L3b,LINE,CR1,2572,4814,2964,1913
182,LTR108e_Mam,LTR,ERVL,4,0,32,0
183,MER75A,DNA,PiggyBac,12,0,16,0
184,MER83B-int,LTR,ERV1,8,239,16,63
185,Tigger11a,DNA,TcMar-Tigger,771,827,1005,602
186,Ricksha,DNA,MULE-MuDR,15,4,31,20
187,MER57A-int,LTR,ERV1,977,1958,999,780
188,HERVL66-int,LTR,ERVL,81,64,45,51
189,L1MA1,LINE,L1,1548,2491,2069,918
190,L1MA2,LINE,L1,2873,4500,3077,1380
191,L1MA3,LINE,L1,3641,4796,4692,1787
192,L1MA4,LINE,L1,3297,3748,4404,1595
193,AluYc,SINE,Alu,485,959,582,418
194,L1MA6,LINE,L1,1535,2450,1843,853
195,L1MA7,LINE,L1,1740,2457,2786,1512
196,Charlie29a,DNA,hAT-Charlie,664,731,730,450
197,L1MA9,LINE,L1,3291,4894,4689,2294
198,MER4D1,LTR,ERV1,344,315,357,256
199,THE1C-int,LTR,ERVL-MaLR,893,1345,831,235
200,UCON16,Unknown,Unknown,0,59,12,0
201,tRNA-Leu-TTG,tRNA,tRNA,20,64,0,0
202,tRNA-Gln-CAA,tRNA,tRNA,8,0,4,4
203,ERVL-int,LTR,ERVL,246,378,212,254
204,tRNA-Leu-TTA,tRNA,tRNA,0,24,0,0
205,tRNA-Gln-CAG,tRNA,tRNA,0,20,0,0
206,_GAATG_n,Satellite,Satellite,40,76,41,3
207,MLT1G-int,LTR,ERVL-MaLR,136,357,104,140
208,MER2B,DNA,TcMar-Tigger,674,1202,809,615
209,UCON12,Unknown,Unknown,16,0,0,0
210,MER30,DNA,hAT-Charlie,1292,2283,1433,1189
211,SSU-rRNA_Hsa,rRNA,rRNA,8641,21770,4113,2766
212,Charlie19a,DNA,hAT-Charlie,466,382,728,462
213,MLT1-int,LTR,ERVL-MaLR,17,88,50,24
214,UCON17,Unknown,Unknown,0,0,20,0
215,UCON14,DNA?,DNA?,12,96,0,24
216,MLT1E2,LTR,ERVL-MaLR,871,1692,1037,531
217,MER21-int,LTR,ERVL,474,311,258,86
218,UCON18,Unknown,Unknown,0,0,0,0
219,MIR,SINE,MIR,43562,61870,47858,26075
220,_CATTC_n,Satellite,Satellite,0,1,20,4
221,MLT1E1,LTR,ERVL-MaLR,73,195,212,104
222,MER92-int,LTR,ERV1,153,288,204,89
223,tRNA-Asn-AAC,tRNA,tRNA,4,0,4,0
224,THE1A-int,LTR,ERVL-MaLR,1424,2149,2362,1071
225,tRNA-Val-GTA,tRNA,tRNA,0,0,0,0
226,LTR72B,LTR,ERV1,0,20,0,0
227,Charlie4z,DNA,hAT-Charlie,2757,3438,3203,1815
228,Tigger1a_Mars,DNA,TcMar-Tigger,0,4,0,4
229,MLT1F2,LTR,ERVL-MaLR,1586,2643,1234,880
230,Charlie4a,DNA,hAT-Charlie,999,1277,1566,954
231,MLT1F1,LTR,ERVL-MaLR,738,2381,890,581
232,tRNA-Cys-TGY,tRNA,tRNA,23,0,23,0
233,tRNA-Gln-CAA_,tRNA,tRNA,4,0,6,24
234,ERVL-E-int,LTR,ERVL,1640,3248,1719,665
235,X2_LINE,LINE,CR1,36,0,4,16
236,X7A_LINE,LINE,CR1,161,43,303,126
237,UCON8,DNA,DNA,23,120,28,7
238,MER50-int,LTR,ERV1,125,239,209,50
239,LTR54B,LTR,ERV1,317,618,455,345
240,MamRep488,DNA,hAT-Tip100,123,115,132,35
241,MER84-int,LTR,ERV1,26,4,28,18
242,LTR102_Mam,LTR,ERVL,163,203,204,51
243,PABL_B-int,LTR,ERV1,265,431,286,317
244,MER41-int,LTR,ERV1,587,925,678,335
245,Eulor6C,DNA?,DNA?,0,0,0,0
246,L1MA4A,LINE,L1,2410,4328,3691,1592
247,HERVIP10FH-int,LTR,ERV1,316,191,307,162
248,tRNA-Met_,tRNA,tRNA,8,0,8,0
249,MER67D,LTR,ERV1,88,13,81,69
250,MLT1H1,LTR,ERVL-MaLR,499,804,622,261
251,AluYh3,SINE,Alu,253,482,353,90
252,AluYk4,SINE,Alu,120,209,178,162
253,AluYk2,SINE,Alu,84,158,103,114
254,AluYk3,SINE,Alu,84,200,77,145
255,LTR27B,LTR,ERV1,16,94,52,60
256,MER8,DNA,TcMar-Tigger,923,1260,1100,513
257,tRNA-Leu-CTA,tRNA,tRNA,0,0,0,0
258,MSTC,LTR,ERVL-MaLR,943,1364,901,483
259,LTR2752,LTR,ERV1,84,294,176,32
260,UCON39,DNA,TcMar-Tigger,259,527,80,56
261,LTR39-int,LTR,ERV1,12,32,54,28
262,HSAT5,Satellite,Satellite,27,84,53,32
263,HSAT4,Satellite,centr,266,381,248,248
264,LTR22B1,LTR,ERVK,130,120,147,48
265,L1ME3E,LINE,L1,1421,2157,1676,1095
266,UCON89,DNA,hAT?,0,32,8,16
267,LTR46-int,LTR,ERV1,323,168,155,71
268,tRNA-Thr-ACG,tRNA,tRNA,0,0,0,0
269,L1P4b,LINE,L1,16,33,0,4
270,Zaphod3,DNA,hAT-Tip100,174,226,160,28
271,L1PBa,LINE,L1,709,609,949,466
272,MamRTE1,LINE,RTE-BovB,7050,12279,8397,5573
273,UCON80,DNA,hAT?,14,60,11,4
274,UCON83,SINE?,SINE?,0,0,0,0
275,LTR16D,LTR,ERVL,147,194,80,36
276,LTR16C,LTR,ERVL,767,1828,1051,619
277,L1PBb,LINE,L1,221,459,264,134
278,LTR16A,LTR,ERVL,443,1114,485,264
279,UCON86,LINE,L2,8,0,48,24
280,LTR16B2,LTR,ERVL,127,267,266,36
281,SAR,Satellite,Satellite,0,0,2,0
282,MARNA,DNA,TcMar-Mariner,1629,2764,2202,1321
283,LTR16B1,LTR,ERVL,128,389,232,71
284,LTR9A1,LTR,ERV1,70,87,156,56
285,MER58D,DNA,hAT-Charlie,582,775,1098,633
286,MER58C,DNA,hAT-Charlie,1160,1256,1371,632
287,MER58B,DNA,hAT-Charlie,2293,2756,2693,1369
288,MER58A,DNA,hAT-Charlie,5749,6428,6854,3845
289,MamGypLTR2c,LTR,Gypsy,107,220,116,40
290,HSATI,Satellite,Satellite,0,0,0,0
291,Charlie3,DNA,hAT-Charlie,231,487,287,128
292,Charlie1,DNA,hAT-Charlie,936,788,1482,626
293,Charlie6,DNA,hAT-Charlie,103,110,224,133
294,Charlie7,DNA,hAT-Charlie,844,1644,1054,545
295,Charlie4,DNA,hAT-Charlie,17,12,17,10
296,Charlie5,DNA,hAT-Charlie,478,539,956,351
297,MER39B,LTR,ERV1,392,721,493,267
298,Charlie8,DNA,hAT-Charlie,1262,912,1577,774
299,L1MC5,LINE,L1,7673,8407,10114,5285
300,MER101-int,LTR,ERV1,570,962,703,563
301,HSMAR1,DNA,TcMar-Mariner,1092,1108,888,548
302,LTR42,LTR,ERVL,194,162,115,134
303,LTR41,LTR,ERVL,608,1172,762,538
304,HSMAR2,DNA,TcMar-Mariner,562,912,806,425
305,LTR46,LTR,ERV1,211,626,114,64
306,LTR45,LTR,ERV1,8,142,4,24
307,LTR44,LTR,ERV1,4,0,43,4
308,Tigger19a,DNA,TcMar-Tigger,1319,2157,1951,1118
309,LTR49,LTR,ERV1,307,288,250,203
310,LTR48,LTR,ERV1,247,361,208,158
311,AluYb9,SINE,Alu,104,103,170,94
312,AluYb8,SINE,Alu,314,500,346,237
313,LTR38C,LTR,ERV1,24,4,36,20
314,LTR38B,LTR,ERV1,64,189,40,12
315,tRNA-Leu-CTG,tRNA,tRNA,0,20,0,0
316,Tigger4a,DNA,TcMar-Tigger,1187,1331,1983,872
317,LTR26B,LTR,ERV1,19,20,47,4
318,Alu,SINE,Alu,470,695,556,273
319,LTR26D,LTR,ERV1,43,0,40,3
320,LTR26E,LTR,ERV1,48,27,20,24
321,MER9a2,LTR,ERVK,81,108,113,49
322,HERV15-int,LTR,ERV1,92,40,116,13
323,L1MB8,LINE,L1,7894,11240,10770,5739
324,UCON69,DNA,hAT?,0,0,0,0
325,Charlie14a,DNA,hAT-Charlie,659,664,709,479
326,HERV-Fc2-int,LTR,ERV1,0,6,0,0
327,L1MB1,LINE,L1,1593,1468,1840,625
328,L1MB3,LINE,L1,7596,11255,9961,5035
329,L1MB2,LINE,L1,5045,7601,6736,3555
330,L1MB5,LINE,L1,3860,6113,5169,2985
331,L1MB4,LINE,L1,4185,4746,6344,3310
332,AluJr4,SINE,Alu,3141,5181,4263,2400
333,L1P4a,LINE,L1,101,212,187,65
334,UCON4,Unknown,Unknown,51,76,91,8
335,UCON71_Crp,Unknown,Unknown,121,137,161,153
336,MamRep4096,DNA,hAT-Tip100,164,460,229,100
337,MER135,DNA,DNA,200,102,152,130
338,THE1-int,LTR,ERVL-MaLR,91,160,69,65
339,HERVS71-int,LTR,ERV1,330,369,506,348
340,HSAT6,Satellite,Satellite,0,0,0,0
341,HERVK11-int,LTR,ERVK,112,277,119,83
342,ACRO1,Satellite,acro,1,0,14,0
343,LTR90A,LTR,LTR,71,105,19,42
344,UCON35,Unknown,Unknown,16,0,0,32
345,LTR90B,LTR,LTR,60,59,96,36
346,LTR27E,LTR,ERV1,164,101,52,40
347,MER65B,LTR,ERV1,33,110,29,32
348,MER65A,LTR,ERV1,166,426,260,194
349,UCON88,Unknown,Unknown,16,0,0,0
350,HERVK3-int,LTR,ERVK,456,829,733,255
351,L1ME2z,LINE,L1,2674,3883,3717,1817
352,L1PA11,LINE,L1,1692,3107,1898,947
353,OldhAT1,DNA,hAT-Ac,3528,5166,4593,2836
354,LTR91,LTR,ERVL,12,0,40,8
355,Charlie1a,DNA,hAT-Charlie,2886,3742,3289,1678
356,Charlie1b,DNA,hAT-Charlie,947,1108,1621,828
357,PRIMA41-int,LTR,ERV1,94,203,62,36
358,LTR26C,LTR,ERV1,51,75,68,29
359,LTR27D,LTR,ERV1,4,0,0,0
360,SST1,Satellite,centr,50,138,41,31
361,MER54A,LTR,ERVL,120,262,287,86
362,MER103C,DNA,hAT-Charlie,1794,4085,3144,1313
363,MER51-int,LTR,ERV1,216,517,324,124
364,MER67C,LTR,ERV1,240,242,249,85
365,L1PA15,LINE,L1,2621,3698,3646,1930
366,SVA_C,Retroposon,SVA,112,238,109,81
367,AluYm1,SINE,Alu,711,1017,517,448
368,UCON81,DNA,hAT-Charlie,12,0,0,3
369,LTR1D1,LTR,ERV1,85,377,72,48
370,L1PA17,LINE,L1,1440,2211,1969,659
371,ERV3-16A3_I-int,LTR,ERVL,1295,3393,1127,678
372,MER34A1,LTR,ERV1,262,446,350,169
373,Tigger16a,DNA,TcMar-Tigger,490,1048,672,409
374,THE1B-int,LTR,ERVL-MaLR,2047,3032,2037,870
375,Tigger9a,DNA,TcMar-Tigger,359,305,380,176
376,Tigger9b,DNA,TcMar-Tigger,395,312,332,207
377,LTR27C,LTR,ERV1,252,333,92,47
378,Charlie18a,DNA,hAT-Charlie,1886,1876,1672,1258
379,MLT2F,LTR,ERVL,300,534,400,271
380,AluSq10,SINE,Alu,334,624,334,204
381,AluJr,SINE,Alu,16944,22393,18260,12074
382,Charlie10,DNA,hAT-Charlie,219,120,282,123
383,Charlie11,DNA,hAT-Charlie,44,91,128,0
384,Charlie12,DNA,hAT-Charlie,16,0,4,0
385,UCON21,DNA?,DNA?,0,0,0,0
386,L1MEg1,LINE,L1,266,180,344,169
387,L1MEg2,LINE,L1,205,345,281,175
388,Charlie17,DNA,hAT-Charlie,381,598,479,288
389,MER110A,LTR,ERV1,76,171,68,48
390,UCON56,Unknown,Unknown,0,0,0,0
391,UCON82,Unknown,Unknown,0,0,0,0
392,HERVE-int,LTR,ERV1,195,767,200,95
393,MLT1L,LTR,ERVL-MaLR,2607,3995,2750,1487
394,UCON87,Unknown,Unknown,0,0,0,0
395,MLT1H1-int,LTR,ERVL-MaLR,48,204,73,60
396,tRNA-Ala-GCA,tRNA,tRNA,0,0,8,0
397,HUERS-P2-int,LTR,ERV1,111,30,84,92
398,UCON62,DNA?,DNA?,0,0,0,0
399,MLT1E3-int,LTR,ERVL-MaLR,43,69,34,26
400,L2a,LINE,L2,70733,108939,84285,41367
401,Kanga1,DNA,TcMar-Tc2,115,199,148,138
402,MamGyp-int,LTR,Gypsy,267,247,311,152
403,CR1-3_Croc,LINE,CR1,329,667,482,221
404,LTR22E,LTR,ERVK,145,98,142,89
405,MER76-int,LTR,ERVL,48,190,147,143
406,UCON60,Unknown,Unknown,0,4,0,16
407,ERVL-B4-int,LTR,ERVL,965,2783,1411,552
408,LTR22B,LTR,ERVK,28,31,17,4
409,LTR22C,LTR,ERVK,14,0,16,0
410,MER81,DNA,hAT-Blackjack,251,481,409,198
411,MLT1H2,LTR,ERVL-MaLR,3837,8454,2396,1735
412,UCON23,DNA,hAT-Tip100?,16,0,12,0
413,MST-int,LTR,ERVL-MaLR,242,855,66,66
414,UCON12A,Unknown,Unknown,0,0,0,0
415,UCON31,Unknown,Unknown,20,0,4,0
416,UCON51,LTR?,LTR?,0,0,0,0
417,CR1-16_AMi,LINE,CR1,64,48,80,24
418,L4_A_Mam,LINE,RTE-X,1633,1629,1575,820
419,HERVH-int,LTR,ERV1,4662,8145,5450,2910
420,AluSg4,SINE,Alu,980,2070,1091,657
421,LTR23-int,LTR,ERV1,40,0,39,48
422,LTR88c,LTR,Gypsy?,39,68,63,32
423,MamTip1,DNA,hAT-Tip100,258,376,147,129
424,UCON48,Unknown,Unknown,0,87,4,39
425,MamTip3,DNA,hAT-Tip100,186,395,207,92
426,MamTip2,DNA,hAT-Tip100,1473,1935,1370,1103
427,THE1C,LTR,ERVL-MaLR,1500,2152,1793,709
428,THE1B,LTR,ERVL-MaLR,3391,4022,3868,1870
429,THE1A,LTR,ERVL-MaLR,1385,1419,1811,913
430,UCON46,Unknown,Unknown,0,0,16,0
431,UCON41,Unknown,Unknown,0,0,0,0
432,UCON40,Unknown,Unknown,174,63,260,117
433,UCON43,Unknown,Unknown,0,4,0,8
434,MER84,LTR,ERV1,103,204,232,56
435,MER4CL34,LTR,ERV1,123,268,187,62
436,LTR1,LTR,ERV1,58,91,68,43
437,MamRep1161,DNA,TcMar-Tigger,4,0,35,0
438,HERV1_I-int,LTR,ERV1,175,95,32,33
439,LTR53B,LTR,ERVL,12,35,16,8
440,UCON68,Unknown,Unknown,0,0,0,0
441,Eulor2A,DNA?,DNA?,16,0,0,0
442,Eulor2B,DNA?,DNA?,48,64,40,60
443,Eulor2C,DNA?,DNA?,0,0,0,0
444,L1M4c,LINE,L1,2985,1625,2831,1707
445,L1M4b,LINE,L1,1411,1437,1892,847
446,LTR109A2,LTR,ERV1,0,0,0,4
447,Plat_L3,LINE,CR1,703,1952,1064,828
448,tRNA-Pro-CCA,tRNA,tRNA,0,0,0,0
449,tRNA-Pro-CCG,tRNA,tRNA,0,0,0,0
450,X6A_LINE,LINE,CR1,380,645,484,481
451,LTR06,LTR,ERV1,28,8,24,40
452,MER101,LTR,ERV1,26,48,75,8
453,HERVL32-int,LTR,ERVL,20,0,11,0
454,L1PREC2,LINE,L1,2776,3080,3286,1533
455,MamGypLTR2b,LTR,Gypsy,64,15,72,8
456,MER105,DNA,hAT-Charlie,254,512,288,136
457,MER104,DNA,TcMar-Tc2,587,733,952,448
458,MamGypLTR3a,LTR,Gypsy,82,230,120,111
459,MER67B,LTR,ERV1,140,192,169,117
460,U13_,snRNA,snRNA,125,114,217,138
461,tRNA-His-CAY_,tRNA,tRNA,16,62,0,1
462,HERVK-int,LTR,ERVK,313,559,168,85
463,AluYf1,SINE,Alu,305,320,196,145
464,AluSx4,SINE,Alu,1987,3277,1828,1211
465,LTR38A1,LTR,ERV1,4,100,23,0
466,AluSx1,SINE,Alu,16982,26616,18126,11804
467,AluSx3,SINE,Alu,4662,7972,4957,3492
468,L1HS,LINE,L1,551,814,602,261
469,L5,LINE,RTE-X,196,459,183,100
470,MER21C,LTR,ERVL,2632,4571,3082,1671
471,MER21B,LTR,ERVL,1511,2389,1442,768
472,MER21A,LTR,ERVL,1160,1382,1254,576
473,tRNA-Ser-TCG,tRNA,tRNA,0,0,0,0
474,L2,LINE,L2,22370,34596,27660,13895
475,MIR3,SINE,MIR,22109,33671,29186,16673
476,L3,LINE,CR1,17273,26218,21972,12779
477,Charlie21a,DNA,hAT-Charlie,452,427,805,524
478,ERV24B_Prim-int,LTR,ERV1,79,63,56,36
479,Chompy-6_Croc,DNA,PIF-Harbinger,0,0,0,0
480,MER68-int,LTR,ERVL,89,195,138,45
481,L1M2a1,LINE,L1,16,110,32,32
482,MER88,LTR,ERVL,20,4,8,0
483,LTR75_1,LTR,ERV1,20,0,4,28
484,MER57E1,LTR,ERV1,30,61,85,43
485,MER4A1_,LTR,ERV1,269,217,274,142
486,MER57E3,LTR,ERV1,249,189,263,126
487,HERVK14-int,LTR,ERVK,93,100,179,100
488,GSATX,Satellite,centr,28,194,0,0
489,tRNA-Ser-TCA,tRNA,tRNA,0,0,0,0
490,MER85,DNA,PiggyBac,347,393,235,116
491,LTR16A2,LTR,ERVL,268,227,322,100
492,LTR16A1,LTR,ERVL,452,986,589,267
493,LTR19-int,LTR,ERV1,188,210,83,100
494,LTR71A,LTR,ERV1,64,107,28,55
495,LTR71B,LTR,ERV1,32,277,44,59
496,Charlie9,DNA,hAT-Charlie,625,935,540,414
497,MLT1J-int,LTR,ERVL-MaLR,177,547,263,116
498,MER61C,LTR,ERV1,45,15,47,44
499,MER61B,LTR,ERV1,44,75,84,31
500,MER61A,LTR,ERV1,112,159,111,56
501,Tigger5b,DNA,TcMar-Tigger,1004,1271,774,642
502,MER61F,LTR,ERV1,40,39,16,12
503,MER61E,LTR,ERV1,137,118,124,83
504,MER61D,LTR,ERV1,37,84,55,4
505,MER136,DNA,DNA,0,12,0,0
506,MER75,DNA,PiggyBac,104,171,242,36
507,MER76,LTR,ERVL,133,165,173,55
508,MER77,LTR,ERVL,812,1389,1060,347
509,MER72,LTR,ERV1,158,280,216,104
510,MER73,LTR,ERVL,18,44,21,28
511,L1MC5a,LINE,L1,7875,8954,10788,5854
512,UCON33,DNA,TcMar-Tigger,4,0,28,36
513,Helitron1Na_Mam,RC,Helitron,24,0,56,4
514,LTR12C,LTR,ERV1,1121,1987,1040,443
515,LTR12B,LTR,ERV1,23,80,33,30
516,MER61-int,LTR,ERV1,676,876,530,345
517,tRNA-Ile-ATA,tRNA,tRNA,19,0,0,0
518,LTR12F,LTR,ERV1,98,63,111,68
519,LTR12E,LTR,ERV1,108,279,119,40
520,LTR12D,LTR,ERV1,118,387,120,55
521,tRNA-Met,tRNA,tRNA,19,4,16,12
522,HERV30-int,LTR,ERV1,1,25,22,30
523,tRNA-Ser-TCY,tRNA,tRNA,0,0,0,1
524,U13,snRNA,snRNA,163,171,69,21
525,LTR47A2,LTR,ERVL,143,324,164,64
526,LTR40a,LTR,ERVL,263,492,435,230
527,LTR40b,LTR,ERVL,259,364,196,292
528,LTR33A_,LTR,ERVL,167,371,261,137
529,LTR12_,LTR,ERV1,99,152,38,62
530,UCON96,Unknown,Unknown,0,0,0,27
531,MLT1M-int,LTR,ERVL-MaLR,0,0,0,0
532,Eulor9A,DNA,DNA,44,0,20,36
533,MamGypsy2-LTR,LTR,Gypsy,61,71,64,28
534,Eulor9C,DNA,DNA,0,20,0,0
535,Eulor9B,DNA,DNA,16,0,28,0
536,tRNA-Met-i,tRNA,tRNA,20,0,0,0
537,MER123,DNA?,DNA?,0,16,16,0
538,BSR_Beta,Satellite,Satellite,339,465,175,142
539,LTR2,LTR,ERV1,376,686,232,158
540,MER2,DNA,TcMar-Tigger,4293,4496,4627,2503
541,MER3,DNA,hAT-Charlie,3240,3773,4081,2063
542,Arthur1C,DNA,hAT-Tip100,107,191,120,36
543,HERVL74-int,LTR,ERVL,190,532,232,208
544,Arthur1A,DNA,hAT-Tip100,159,339,207,161
545,HERV1_LTRa,LTR,ERV1,56,0,16,32
546,HERV1_LTRc,LTR,ERV1,8,0,12,0
547,HERV1_LTRb,LTR,ERV1,8,0,0,0
548,HERV1_LTRe,LTR,ERV1,8,22,0,0
549,HERV1_LTRd,LTR,ERV1,51,0,4,0
550,MER4-int,LTR,ERV1,926,956,1655,690
551,Tigger4b,DNA,TcMar-Tigger,1617,1930,2355,1203
552,MER106B,DNA,hAT-Charlie,366,201,412,166
553,MER106A,DNA,hAT-Charlie,166,165,219,56
554,MamGypLTR1a,LTR,Gypsy,66,246,98,11
555,L1M3de,LINE,L1,158,448,68,45
556,MamGypLTR1b,LTR,Gypsy,837,606,1915,1378
557,MamGypLTR1d,LTR,Gypsy,80,84,56,12
558,L1PA15-16,LINE,L1,315,569,320,251
559,MER44D,DNA,TcMar-Tigger,299,676,346,167
560,MER113,DNA,hAT-Charlie,823,1097,1082,521
561,tRNA-Val-GTY,tRNA,tRNA,28,0,0,1
562,LTR3B_,LTR,ERVK,194,260,142,40
563,MER65C,LTR,ERV1,1082,1558,964,929
564,HERV-Fc2_LTR,LTR,ERV1,0,0,0,0
565,MER41A,LTR,ERV1,358,515,483,303
566,MER66-int,LTR,ERV1,267,160,218,105
567,TAR1,Satellite,telo,22,42,15,1
568,Tigger16b,DNA,TcMar-Tigger,711,857,942,531
569,MER74C,LTR,ERVL,0,80,12,0
570,UCON84,Unknown,Unknown,16,8,0,0
571,MLT2A1,LTR,ERVL,555,834,625,133
572,U4,snRNA,snRNA,193,615,48,52
573,MLT1E-int,LTR,ERVL-MaLR,0,0,0,0
574,MER74B,LTR,ERVL,214,277,309,142
575,L2-1_Crp,LINE,L2,4,67,24,0
576,MLT2A2,LTR,ERVL,622,985,506,315
577,Arthur1B,DNA,hAT-Tip100,390,513,306,199
578,PRIMA4-int,LTR,ERV1,256,222,472,137
579,THE1D-int,LTR,ERVL-MaLR,1162,2388,1183,579
580,Mam_R4,LINE,Dong-R4,90,191,151,86
581,MLT1G1,LTR,ERVL-MaLR,1138,2303,717,469
582,MLT1G3,LTR,ERVL-MaLR,554,704,396,195
583,Charlie25,DNA,hAT-Charlie,161,570,134,132
584,Charlie24,DNA,hAT-Charlie,365,757,531,163
585,LTR6B,LTR,ERV1,219,500,488,252
586,UCON72,Unknown,Unknown,4,0,7,0
587,tRNA-SeC_e_-TGA,tRNA,tRNA,0,0,0,0
588,MLT1H-int,LTR,ERVL-MaLR,232,254,277,153
589,LOR1a,LTR,ERV1,338,697,239,183
590,Arthur1,DNA,hAT-Tip100,160,545,423,166
591,MLT1J1-int,LTR,ERVL-MaLR,107,93,120,12
592,LOR1b,LTR,ERV1,172,111,115,86
593,LTR10B1,LTR,ERV1,323,264,270,151
594,LTR10B2,LTR,ERV1,4,155,64,12
595,LTR108c_Mam,LTR,ERVL,0,0,8,0
596,MLT1K-int,LTR,ERVL-MaLR,16,0,4,0
597,MIRb,SINE,MIR,55213,83328,62044,33937
598,Charlie13a,DNA,hAT-Charlie,247,388,220,79
599,Charlie13b,DNA,hAT-Charlie,199,275,259,60
600,UCON132b,DNA,hAT-Tip100,121,239,167,20
601,MER63B,DNA,hAT-Blackjack,438,626,637,363
602,LTR39,LTR,ERV1,348,470,477,372
603,UCON78,DNA,DNA,16,91,28,8
604,AluYj4,SINE,Alu,281,551,333,253
605,MER66D,LTR,ERV1,28,24,16,4
606,LTR107_Mam,LTR,LTR,32,79,52,7
607,MER66C,LTR,ERV1,134,218,61,45
608,MER91B,DNA,hAT-Tip100,414,524,426,191
609,MER66A,LTR,ERV1,64,253,25,16
610,Charlie2a,DNA,hAT-Charlie,560,882,991,512
611,Charlie2b,DNA,hAT-Charlie,912,967,858,598
612,L1MA8,LINE,L1,2996,4178,4201,1976
613,MER50B,LTR,ERV1,99,147,80,51
614,MIRc,SINE,MIR,24493,37242,29239,16026
615,tRNA-Lys-AAA,tRNA,tRNA,24,86,12,0
616,LTR22C0,LTR,ERVK,108,122,72,4
617,X1_LINE,LINE,CR1,0,0,0,0
618,LTR22C2,LTR,ERVK,21,0,0,32
619,MER46C,DNA,TcMar-Tigger,2025,2794,2391,1386
620,MER31B,LTR,ERV1,323,425,640,219
621,MamRep38,DNA,hAT,415,591,364,192
622,MER31A,LTR,ERV1,482,590,332,178
623,MER107,DNA,hAT-Charlie,38,60,121,32
624,L4_B_Mam,LINE,RTE-X,1134,1277,981,575
625,MER34D,LTR,ERV1,71,60,44,0
626,LTR88b,LTR,Gypsy?,293,280,148,103
627,MamRep1151,LTR?,LTR?,270,417,323,104
628,MER20,DNA,hAT-Charlie,5419,8147,6017,3169
629,LTR30,LTR,ERV1,61,123,53,65
630,LTR7,LTR,ERV1,604,799,402,221
631,LTR16E2,LTR,ERVL,332,413,239,171
632,LTR16E1,LTR,ERVL,282,730,364,242
633,LTR43B,LTR,ERV1,16,56,40,8
634,MER49,LTR,ERV1,796,1352,718,518
635,MER48,LTR,ERV1,32,43,32,26
636,PRIMAX-int,LTR,ERV1,8,16,24,4
637,LTR36,LTR,ERV1,215,28,217,110
638,LTR40c,LTR,ERVL,181,187,207,137
639,UCON49,LINE,L2,8,144,48,0
640,UCON105,Unknown,Unknown,55,32,135,100
641,PRIMA4_LTR,LTR,ERV1,79,126,128,48
642,HERVK22-int,LTR,ERVK,801,1012,1254,504
643,tRNA-Arg-CGG,tRNA,tRNA,12,0,0,0
644,Tigger6a,DNA,TcMar-Tigger,293,457,345,200
645,Tigger6b,DNA,TcMar-Tigger,48,8,24,0
646,SVA_F,Retroposon,SVA,177,540,262,150
647,tRNA-Arg-CGA,tRNA,tRNA,0,0,0,0
648,MER52D,LTR,ERV1,186,23,106,69
649,L1MCb,LINE,L1,324,470,387,96
650,L1MCc,LINE,L1,1121,836,909,472
651,L1PB2,LINE,L1,758,928,937,412
652,L1MCa,LINE,L1,1696,2276,2128,1001
653,L1PB4,LINE,L1,1639,2873,2178,1156
654,MER72B,LTR,ERV1,44,36,16,24
655,MER102b,DNA,hAT-Charlie,1561,2587,1905,911
656,MER102c,DNA,hAT-Charlie,1175,1556,1113,572
657,MER102a,DNA,hAT-Charlie,1036,1557,1200,854
658,LTR58,LTR,ERV1,19,107,8,20
659,AluYa5,SINE,Alu,132,287,211,132
660,tRNA-Arg-AGG,tRNA,tRNA,53,44,0,0
661,LTR53-int,LTR,ERVL,229,291,101,83
662,AluYa8,SINE,Alu,29,65,15,10
663,LTR55,LTR,ERVL?,36,87,110,51
664,LTR56,LTR,ERV1,275,269,244,181
665,LTR57,LTR,ERVL,56,160,60,47
666,LTR45C,LTR,ERV1,166,214,78,49
667,LTR45B,LTR,ERV1,96,193,52,11
668,LTR52,LTR,ERVL,176,367,112,39
669,LTR53,LTR,ERVL,165,96,94,43
670,MER39,LTR,ERV1,679,601,690,423
671,MER34B-int,LTR,ERV1,204,228,271,166
672,LTR75B,LTR,ERVL,37,18,62,4
673,CR1-12_AMi,LINE,CR1,32,0,32,0
674,CR1_Mam,LINE,CR1,477,536,991,341
675,MER33,DNA,hAT-Charlie,3075,5508,4006,2043
676,MER34,LTR,ERV1,216,287,281,70
677,L1P4d,LINE,L1,13,6,25,4
678,MLT1G3-int,LTR,ERVL-MaLR,41,64,111,20
679,HERVI-int,LTR,ERV1,85,23,73,65
680,Eulor6A,DNA?,DNA?,0,0,0,0
681,Eulor6B,DNA?,DNA?,12,0,0,8
682,L1P4e,LINE,L1,8,16,6,36
683,Eulor6D,DNA?,DNA?,4,0,0,0
684,Eulor6E,DNA?,DNA?,23,83,0,0
685,MER83A-int,LTR,ERV1,24,39,0,4
686,MER44C,DNA,TcMar-Tigger,830,938,476,373
687,L1MC2,LINE,L1,2491,3040,3516,1538
688,L1MC3,LINE,L1,4020,5386,4786,2266
689,FRAM,SINE,Alu,1018,2161,1508,911
690,L1MC1,LINE,L1,6983,9763,8107,4477
691,MLT1M,LTR,ERVL-MaLR,560,468,349,207
692,L1MC4,LINE,L1,11449,14790,16214,8066
693,HERV9-int,LTR,ERV1,229,327,94,46
694,X8_LINE,LINE,CR1,56,67,83,15
695,L2b,LINE,L2,55852,127309,40421,27347
696,L1MB7,LINE,L1,12505,18199,16829,8578
697,LTR81C,LTR,Gypsy,63,160,44,24
698,LTR38-int,LTR,ERV1,47,8,12,0
699,Helitron1Nb_Mam,RC,Helitron,12,44,95,11
700,LTR5A,LTR,ERVK,150,159,113,105
701,LTR5B,LTR,ERVK,267,483,192,170
702,LTR81B,LTR,Gypsy,84,225,99,23
703,BC200,scRNA,scRNA,245,280,153,152
704,L4_C_Mam,LINE,RTE-X,1031,1595,1727,855
705,LTR81A,LTR,Gypsy,110,24,124,79
706,LTR28B,LTR,ERV1,98,135,60,16
707,LTR28C,LTR,ERV1,104,400,137,128
708,LTR104_Mam,LTR,Gypsy,239,187,366,100
709,Tigger17,DNA,TcMar-Tigger,52,16,32,24
710,Tigger10,DNA,TcMar-Tigger,764,1592,975,483
711,MLT1F2-int,LTR,ERVL-MaLR,82,201,56,85
712,Tigger12,DNA,TcMar-Tigger,339,684,552,530
713,MER4E,LTR,ERV1,182,336,399,157
714,MER4D,LTR,ERV1,317,488,524,172
715,tRNA-Ser-TCA_,tRNA,tRNA,32,0,0,1
716,MER4A,LTR,ERV1,338,800,649,423
717,MLT1E,LTR,ERVL-MaLR,115,204,136,39
718,MER4C,LTR,ERV1,154,198,151,35
719,MER4B,LTR,ERV1,1025,1815,1138,625
720,MSTA-int,LTR,ERVL-MaLR,1395,3279,1328,864
721,MLT1J2-int,LTR,ERVL-MaLR,60,139,88,34
722,MLT1D-int,LTR,ERVL-MaLR,735,1022,1311,702
723,HERV-Fc1_LTR1,LTR,ERV1,0,9,0,0
724,HERV-Fc1_LTR2,LTR,ERV1,0,0,0,0
725,HERV-Fc1_LTR3,LTR,ERV1,0,5,0,0
726,LTR50,LTR,ERVL,693,1011,828,426
727,MER6,DNA,TcMar-Tigger,430,431,422,255
728,LTR80A,LTR,ERVL,58,186,16,90
729,LTR80B,LTR,ERVL,51,12,88,16
730,HAL1,LINE,L1,8172,9651,11753,5923
731,Chompy-7_Croc,DNA,PIF-Harbinger,0,0,0,0
732,HERV9NC-int,LTR,ERV1,224,563,153,51
733,MLT2D,LTR,ERVL,895,1914,686,374
734,MLT2E,LTR,ERVL,24,0,11,52
735,GSAT,Satellite,centr,0,0,0,0
736,MER34A,LTR,ERV1,188,479,248,114
737,HUERS-P1-int,LTR,ERV1,77,327,180,71
738,MER34C,LTR,ERV1,68,2,32,16
739,MER34B,LTR,ERV1,135,239,396,256
740,Ricksha_0,DNA,MULE-MuDR,46,286,136,52
741,ORSL-2b,DNA,hAT-Tip100,95,247,131,67
742,DNA1_Mam,DNA,TcMar,51,4,44,35
743,PrimLTR79,LTR,ERV1,16,60,140,74
744,LTR57-int,LTR,ERVL,60,194,40,47
745,LTR8B,LTR,ERV1,345,593,489,345
746,LTR8A,LTR,ERV1,692,1076,780,387
747,Tigger12A,DNA,TcMar-Tigger,244,602,308,183
748,L1ME4a,LINE,L1,9051,11967,14109,7742
749,UCON9,Unknown,Unknown,0,0,20,0
750,L1ME4c,LINE,L1,2631,3823,4135,2095
751,L1ME4b,LINE,L1,10428,16813,11662,6463
752,LTR89,LTR,ERVL?,186,433,270,183
753,LTR14A,LTR,ERVK,0,0,4,27
754,LTR87,LTR,ERVL?,449,1191,317,194
755,UCON1,Unknown,Unknown,0,0,0,0
756,UCON2,DNA?,DNA?,51,0,50,55
757,ORSL-2a,DNA,hAT-Tip100,121,137,67,36
758,LTR83,LTR,ERVL,168,20,156,59
759,UCON5,Unknown,Unknown,28,0,0,0
760,LTR81,LTR,Gypsy,64,16,4,24
761,UCON7,DNA?,DNA?,0,40,0,0
762,MER121B,DNA,hAT?,0,0,0,0
763,MER65D,LTR,ERV1,68,255,61,43
764,MER124,DNA?,DNA?,277,532,219,106
765,MER57-int,LTR,ERV1,321,452,421,131
766,UCON93,Unknown,Unknown,0,0,0,0
767,Charlie17a,DNA,hAT-Charlie,242,327,433,234
768,Charlie17b,DNA,hAT-Charlie,32,24,73,75
769,HUERS-P3-int,LTR,ERV1,540,296,807,433
770,MER34-int,LTR,ERV1,562,323,983,660
771,UCON79,DNA?,DNA?,0,0,0,12
772,UCON61,Unknown,Unknown,0,0,0,0
773,Eulor8,DNA,TcMar?,0,0,0,0
774,UCON70,Unknown,Unknown,88,91,44,47
775,Eulor4,Unknown,Unknown,0,0,0,0
776,7SK,RNA,RNA,128790,262256,35924,35785
777,UCON73,Unknown,Unknown,36,12,83,111
778,L1P,LINE,L1,6,7,4,2
779,UCON75,Unknown,Unknown,0,0,0,0
780,Eulor3,DNA?,DNA?,0,0,0,0
781,UCON77,Unknown,Unknown,0,0,4,12
782,LTR25-int,LTR,ERV1,855,1556,796,554
783,L1M,LINE,L1,94,448,200,110
784,Zaphod,DNA,hAT-Tip100,116,241,249,92
785,Tigger18a,DNA,TcMar-Tigger,424,306,733,445
786,tRNA-Arg-CGY_,tRNA,tRNA,20,84,2,0
787,Tigger3,DNA,TcMar-Tigger,320,842,577,238
788,MLT1I-int,LTR,ERVL-MaLR,123,214,152,78
789,MER4B-int,LTR,ERV1,261,207,199,144
790,LTR106_Mam,LTR,LTR,67,75,96,26
791,X6B_LINE,LINE,CR1,353,291,487,223
792,MLT1A-int,LTR,ERVL-MaLR,307,378,160,137
793,tRNA-Ile-ATC,tRNA,tRNA,0,0,0,0
794,Eulor11,DNA,DNA,52,32,24,0
795,Eulor10,DNA?,DNA?,0,0,0,0
796,Eulor12,DNA?,DNA?,0,0,0,0
797,MamGypLTR1c,LTR,Gypsy,113,181,116,69
798,LTR48B,LTR,ERV1,776,1430,496,471
799,Tigger4,DNA,TcMar-Tigger,730,1009,869,473
800,tRNA-Ile-ATT,tRNA,tRNA,99,133,20,55
801,AluYe5,SINE,Alu,129,346,155,82
802,AluYe6,SINE,Alu,41,55,41,28
803,LTR13,LTR,ERVK,669,1271,988,551
804,LTR14,LTR,ERVK,31,40,58,31
805,LTR15,LTR,ERV1,178,94,390,218
806,LTR16,LTR,ERVL,233,732,294,151
807,LTR17,LTR,ERV1,307,473,494,143
808,tRNA-Leu-CTA_,tRNA,tRNA,0,0,0,0
809,MER5A1,DNA,hAT-Charlie,3252,3704,3088,1808
810,LTR78B,LTR,ERV1,410,338,501,258
811,MER97d,DNA,hAT-Tip100,24,28,103,24
812,MLT1I,LTR,ERVL-MaLR,1805,3952,1590,990
813,MER9B,LTR,ERVK,4,0,0,12
814,LTR51,LTR,ERV1,60,149,79,23
815,X7C_LINE,LINE,CR1,90,217,174,51
816,Merlin1_HS,DNA,Merlin,0,8,72,32
817,LTR40A1,LTR,ERVL,160,154,94,58
818,LTR41C,LTR,ERVL,164,398,228,107
819,LTR41B,LTR,ERVL,644,1016,932,737
820,Kanga2_a,DNA,TcMar-Tc2,703,900,956,448
821,LTR29,LTR,ERV1,196,323,213,85
822,LTR14C,LTR,ERVK,58,0,32,2
823,LTR14B,LTR,ERVK,84,210,177,72
824,LTR22B2,LTR,ERVK,0,0,0,16
825,MER101B,LTR,ERV1,24,79,8,0
826,MSTB1,LTR,ERVL-MaLR,1009,2282,1236,469
827,LTR103b_Mam,LTR,ERV1?,165,0,92,48
828,AluYk11,SINE,Alu,133,366,137,40
829,AluYk12,SINE,Alu,20,58,30,18
830,LTR33B,LTR,ERVL,186,224,228,112
831,HERVE_a-int,LTR,ERV1,66,192,110,54
832,LTR33A,LTR,ERVL,408,598,297,136
833,U14,snRNA,snRNA,291,242,112,106
834,LTR105_Mam,LTR,ERVL,151,151,108,117
835,Tigger19b,DNA,TcMar-Tigger,1630,1903,2107,1231
836,Helitron3Na_Mam,RC,Helitron,251,363,172,218
837,L1PA2,LINE,L1,780,1032,896,412
838,L1PA5,LINE,L1,2531,3779,2904,1349
839,L1PA4,LINE,L1,1966,3424,2091,1226
840,L1PA7,LINE,L1,5551,8344,7341,3216
841,L1PA6,LINE,L1,18883,23468,17190,11868
842,L1PA8,LINE,L1,2353,3564,2519,1106
843,MER90,LTR,ERV1,130,119,133,193
844,L1P4c,LINE,L1,0,0,0,0
845,MER94,DNA,hAT-Blackjack,1025,1469,1153,661
846,MER11A,LTR,ERVK,486,814,349,178
847,LTR65,LTR,ERV1,271,106,279,204
848,LTR64,LTR,ERV1,92,20,128,122
849,LTR1B,LTR,ERV1,296,443,439,259
850,LTR1C,LTR,ERV1,0,0,0,6
851,LTR1D,LTR,ERV1,88,66,83,33
852,LTR1E,LTR,ERV1,56,94,51,25
853,LTR1F,LTR,ERV1,5,114,12,8
854,LTR62,LTR,ERVL,62,28,68,0
855,MER41B,LTR,ERV1,361,738,477,225
856,MER5B,DNA,hAT-Charlie,5773,6795,6943,3596
857,MER67A,LTR,ERV1,158,172,100,44
858,hAT-N1_Mam,DNA,hAT-Tip100?,227,258,175,94
859,LTR69,LTR,ERVL,72,47,52,0
860,LTR68,LTR,ERV1,24,5,60,40
861,MER5C,DNA,hAT-Charlie,370,394,563,205
862,tRNA-His-CAY,tRNA,tRNA,0,0,0,0
863,AluSg,SINE,Alu,5345,8502,5443,3760
864,MER54B,LTR,ERVL,43,103,40,63
865,MER70A,LTR,ERVL,36,56,116,36
866,Tigger17c,DNA,TcMar-Tigger,373,806,537,353
867,LTR10F,LTR,ERV1,122,125,109,36
868,LTR24B,LTR,ERV1,171,134,349,194
869,Eulor7,DNA?,DNA?,0,0,0,0
870,MER97c,DNA,hAT-Tip100,0,0,0,8
871,L1MD3,LINE,L1,1899,2389,2247,1028
872,L1MD2,LINE,L1,3461,5458,4961,2505
873,L1MD1,LINE,L1,2437,3194,2805,1605
874,HERV17-int,LTR,ERV1,617,650,659,262
875,LTR1C1,LTR,ERV1,5,0,4,2
876,LTR1C3,LTR,ERV1,0,0,0,0
877,Eulor1,DNA,DNA,0,0,0,0
878,MER70B,LTR,ERVL,40,134,36,27
879,tRNA-Gly-GGY,tRNA,tRNA,11,0,8,12
880,LTR84a,LTR,ERVL,55,306,99,76
881,LTR84b,LTR,ERVL,207,322,244,168
882,UCON6,Unknown,Unknown,280,167,236,95
883,tRNA-Gly-GGG,tRNA,tRNA,0,11,0,12
884,MLT1G1-int,LTR,ERVL-MaLR,84,177,80,24
885,MER77B,LTR,ERVL,562,706,392,186
886,MER132,DNA,TcMar-Pogo,0,0,0,0
887,Tigger17b,DNA,TcMar-Tigger,41,0,32,0
888,L1ME3A,LINE,L1,5060,7970,6911,3653
889,L1ME3B,LINE,L1,3381,4711,5030,2721
890,L1ME3C,LINE,L1,894,1041,1178,475
891,L1ME3D,LINE,L1,1826,2493,2564,1363
892,L1MEf,LINE,L1,4131,4558,8958,3917
893,L1ME3F,LINE,L1,2306,2688,3138,1613
894,L1ME3G,LINE,L1,4927,9188,7220,3400
895,Tigger1a_Art,DNA,TcMar-Tigger,96,154,88,5
896,MER57F,LTR,ERV1,86,90,121,47
897,MER57D,LTR,ERV1,56,4,54,20
898,MER47C,DNA,TcMar-Tigger,156,164,296,148
899,MER47B,DNA,TcMar-Tigger,188,355,122,72
900,MER47A,DNA,TcMar-Tigger,1219,1899,1621,947
901,SVA_D,Retroposon,SVA,185,850,272,171
902,SVA_E,Retroposon,SVA,174,257,131,71
903,D20S16,Satellite,Satellite,48,28,4,3
904,MER30B,DNA,hAT-Charlie,58,74,64,68
905,SVA_A,Retroposon,SVA,370,1106,261,175
906,SVA_B,Retroposon,SVA,142,234,227,129
907,FAM,SINE,Alu,1257,1977,1019,710
908,MER89-int,LTR,ERV1,102,116,120,87
909,MER90a,LTR,ERV1,296,565,449,218
910,MER97a,DNA,hAT-Tip100,51,64,0,0
911,tRNA-Thr-ACY_,tRNA,tRNA,20,0,0,0
912,MLT1F-int,LTR,ERVL-MaLR,223,321,224,95
913,MER34C_,LTR,ERV1,40,213,32,77
914,Tigger14a,DNA,TcMar-Tigger,413,754,571,350
915,MSTD-int,LTR,ERVL-MaLR,282,380,325,147
916,Charlie22a,DNA,hAT-Charlie,237,190,221,287
917,L1MC4a,LINE,L1,5170,6501,7263,4233
918,Helitron2Na_Mam,RC?,Helitron?,533,810,323,247
919,Ricksha_a,DNA,MULE-MuDR,36,63,8,24
920,LFSINE_Vert,SINE,tRNA,1056,2509,1110,746
921,L1MDb,LINE,L1,310,536,426,229
922,L1MDa,LINE,L1,2016,1940,3027,1313
923,UCON38,Unknown,Unknown,0,8,28,0
924,7SLRNA,srpRNA,srpRNA,122097,249451,49518,39868
925,MER6B,DNA,TcMar-Tigger,278,382,220,185
926,LOR1-int,LTR,ERV1,783,720,635,488
927,LTR72,LTR,ERV1,39,87,52,20
928,UCON37,Unknown,Unknown,24,55,12,0
929,HERVP71A-int,LTR,ERV1,255,259,195,199
930,L1P3b,LINE,L1,1,100,2,1
931,LTR73,LTR,ERV1,68,90,52,44
932,HERV35I-int,LTR,ERV1,96,146,168,156
933,MER68,LTR,ERVL,901,1059,1118,466
934,LTR108d_Mam,LTR,ERVL,0,0,8,0
935,MamGypsy2-I,LTR,Gypsy,286,541,335,233
936,tRNA-Tyr-TAT,tRNA,tRNA,0,0,0,0
937,MER110-int,LTR,ERV1,42,56,83,72
938,Tigger2a,DNA,TcMar-Tigger,1023,923,1148,639
939,MLT1C-int,LTR,ERVL-MaLR,235,324,246,48
940,HY1,scRNA,scRNA,589,692,254,203
941,HY3,scRNA,scRNA,195,333,256,95
942,HY4,scRNA,scRNA,21,202,129,59
943,HY5,scRNA,scRNA,100,272,0,20
944,MamRep605,LTR?,LTR?,1263,2043,1555,750
945,tRNA-Thr-ACY,tRNA,tRNA,32,0,0,0
946,MER87,LTR,ERV1,12,55,44,16
947,MER89,LTR,ERV1,214,408,239,122
948,HUERS-P3b-int,LTR,ERV1,431,829,474,359
949,MER133B,DNA?,DNA?,4,0,0,0
950,HERV9N-int,LTR,ERV1,122,233,175,59
951,MER133A,DNA?,DNA?,0,0,8,0
952,Eulor5A,DNA?,DNA?,8,55,28,24
953,5S,rRNA,rRNA,3376,8442,455,336
954,Eulor5B,DNA?,DNA?,0,0,12,0
955,LTR19B,LTR,ERV1,69,251,68,35
956,LTR19C,LTR,ERV1,135,96,111,51
957,LTR19A,LTR,ERV1,592,575,505,309
958,MLT1J2,LTR,ERVL-MaLR,1142,1272,1424,615
959,MamRep564,Unknown,Unknown,124,216,287,216
960,UCON28c,Unknown,Unknown,0,0,24,0
961,MLT1J1,LTR,ERVL-MaLR,803,1210,726,267
962,UCON34,Unknown,Unknown,126,62,120,127
963,LTR2C,LTR,ERV1,94,207,117,81
964,LTR2B,LTR,ERV1,132,70,87,54
965,HAL1M8,LINE,L1,1080,1080,1348,531
966,AluYi6,SINE,Alu,113,132,80,26
967,MSR1,Satellite,Satellite,113,358,90,66
968,Tigger8,DNA,TcMar-Tigger,264,530,435,170
969,LTR49-int,LTR,ERV1,314,410,534,258
970,MER31-int,LTR,ERV1,230,465,381,231
971,Tigger1,DNA,TcMar-Tigger,10221,13021,11927,5716
972,tRNA-Ala-GCY_,tRNA,tRNA,12,0,0,0
973,Kanga1d,DNA,TcMar-Tc2,108,175,256,47
974,Tigger2,DNA,TcMar-Tigger,1819,2101,2456,1072
975,Kanga1b,DNA,TcMar-Tc2,114,246,97,12
976,Kanga1c,DNA,TcMar-Tc2,243,210,300,168
977,Tigger7,DNA,TcMar-Tigger,1759,2407,1745,1018
978,Kanga1a,DNA,TcMar-Tc2,182,250,280,95
979,L1M3b,LINE,L1,84,15,149,108
980,UCON71,Unknown,Unknown,28,0,12,0
981,LTR10A,LTR,ERV1,114,318,182,121
982,tRNA-Asp-GAY,tRNA,tRNA,0,32,0,19
983,LTR10C,LTR,ERV1,225,370,181,108
984,LTR10B,LTR,ERV1,6,0,12,31
985,LTR10E,LTR,ERV1,44,36,81,21
986,LTR10D,LTR,ERV1,60,48,64,12
987,LTR10G,LTR,ERV1,0,16,28,2
988,AluY,SINE,Alu,9266,15444,10053,6615
989,SATR2,Satellite,Satellite,33,278,43,6
990,LTR16D1,LTR,ERVL,69,123,84,12
991,LTR16D2,LTR,ERVL,37,185,42,5
992,L1M3a,LINE,L1,286,472,409,152
993,MER57B1,LTR,ERV1,223,423,99,128
994,UCON85,Unknown,Unknown,0,0,0,4
995,L2-1_AMi,LINE,L2,319,721,492,176
996,MER57B2,LTR,ERV1,195,251,279,147
997,MamSINE1,SINE,tRNA-RTE,3393,5827,4368,2232
998,UCON11,DNA,TcMar-Tigger,0,0,8,0
999,Tigger3a,DNA,TcMar-Tigger,1608,2742,2309,1020
1000,HERVL40-int,LTR,ERVL,575,926,733,188
1001,MER53,DNA,hAT,551,1179,759,553
1002,MER50,LTR,ERV1,299,574,262,178
1003,MER52-int,LTR,ERV1,19,124,46,20
1004,UCON76,Unknown,Unknown,0,0,0,0
1005,Penelope1_Vert,LINE,Penelope,558,807,464,344
1006,MER87B,LTR,ERV1,99,136,96,24
1007,MamRep434,DNA,TcMar-Tigger,591,919,1127,462
1008,HERVFH19-int,LTR,ERV1,17,32,115,28
1009,L2-3_Crp,LINE,L2,495,1304,663,197
1010,HERVK14C-int,LTR,ERVK,8,0,28,0
1011,HAL1ME,LINE,L1,1724,2723,2474,1088
1012,LTR28,LTR,ERV1,36,29,16,4
1013,MLT1A1-int,LTR,ERVL-MaLR,247,159,196,56
1014,FLAM_C,SINE,Alu,3561,5074,4781,3103
1015,LTR81AB,LTR,Gypsy,20,0,15,0
1016,FLAM_A,SINE,Alu,2325,3215,3143,1504
1017,L1M6B,LINE,L1,166,216,377,262
1018,MER121,DNA,hAT?,32,116,16,14
1019,LTR37B,LTR,ERV1,343,337,359,224
1020,LTR23,LTR,ERV1,172,264,200,123
1021,LTR22,LTR,ERVK,40,0,57,0
1022,LTR25,LTR,ERV1,65,75,50,10
1023,LTR12,LTR,ERV1,212,307,198,53
1024,LTR27,LTR,ERV1,26,73,12,28
1025,LTR26,LTR,ERV1,170,124,92,76
1026,LTR7A,LTR,ERV1,3,9,17,1
1027,tRNA-Thr-ACG_,tRNA,tRNA,0,0,0,0
1028,LTR6A,LTR,ERV1,112,403,139,109
1029,LTR37A,LTR,ERV1,185,120,289,148
1030,L1ME3Cz,LINE,L1,3406,4005,4925,2741
1031,MER92D,LTR,ERV1,68,168,60,20
1032,MER4E1,LTR,ERV1,310,179,397,150
1033,MLT1O,LTR,ERVL-MaLR,891,1167,995,564
1034,U8,snRNA,snRNA,4,0,16,0
1035,U5,snRNA,snRNA,8,126,63,0
1036,MER125,DNA,DNA,0,90,16,0
1037,U7,snRNA,snRNA,71,16,64,36
1038,HAL1b,LINE,L1,969,1160,1398,956
1039,U1,snRNA,snRNA,417,902,177,97
1040,U3,snRNA,snRNA,13817,27995,4921,5992
1041,LTR24,LTR,ERV1,103,209,95,44
1042,MLT2B1,LTR,ERVL,407,857,436,144
1043,MER1A,DNA,hAT-Charlie,1479,2043,1393,782
1044,MER57A1,LTR,ERV1,248,297,233,44
1045,MER127,DNA,TcMar-Tigger,60,24,64,39
1046,MLT1A0-int,LTR,ERVL-MaLR,308,509,267,130
1047,LTR86A1,LTR,ERVL,206,157,151,121
1048,LTR86A2,LTR,ERVL,64,91,63,30
1049,MER126,DNA,DNA,90,14,108,40
1050,tRNA-Arg-CGA_,tRNA,tRNA,0,0,0,0
1051,MER9a1,LTR,ERVK,61,28,72,36
1052,Charlie16a,DNA,hAT-Charlie,732,952,583,434
1053,MER9a3,LTR,ERVK,217,696,193,237
1054,MER63A,DNA,hAT-Blackjack,505,754,569,276
1055,MER63C,DNA,hAT-Blackjack,169,58,237,132
1056,MER51C,LTR,ERV1,28,94,50,26
1057,MER63D,DNA,hAT-Blackjack,341,338,298,352
1058,MLT2C1,LTR,ERVL,382,335,557,205
1059,UCON97,DNA,DNA,4,68,0,0
1060,MLT2B5,LTR,ERVL,16,20,36,19
1061,MLT-int,LTR,ERVL-MaLR,156,183,177,63
1062,MLT2B4,LTR,ERVL,681,1088,617,472
1063,AluSq4,SINE,Alu,404,436,377,359
1064,AluSq2,SINE,Alu,8432,12865,8935,5876
1065,MLT1F1-int,LTR,ERVL-MaLR,36,107,116,68
1066,MER94B,DNA,hAT-Blackjack,28,48,72,32
1067,Tigger20a,DNA,TcMar-Tigger,241,422,320,228
1068,U2,snRNA,snRNA,690,1700,383,371
1069,Charlie7a,DNA,hAT-Charlie,341,416,640,210
1070,MER45A,DNA,hAT-Tip100,419,418,455,425
1071,UCON15,Unknown,Unknown,0,0,0,0
1072,MLT1E1A-int,LTR,ERVL-MaLR,76,104,32,0
1073,MERX,DNA,TcMar-Tigger,84,71,96,63
1074,HERVIP10B3-int,LTR,ERV1,1052,990,1213,721
1075,MER34C2,LTR,ERV1,198,86,115,155
1076,Charlie26a,DNA,hAT-Charlie,112,403,120,98
1077,Cheshire,DNA,hAT-Charlie,572,747,627,400
1078,L1ME2,LINE,L1,4255,5896,6371,3508
1079,MER75B,DNA,PiggyBac,1,31,0,12
1080,Charlie30a,DNA,hAT-Charlie,301,390,407,288
1081,LTR7Y,LTR,ERV1,241,443,147,50
1082,MSTD,LTR,ERVL-MaLR,1496,2285,1648,938
1083,LTR1F2,LTR,ERV1,134,108,156,23
1084,LTR1F1,LTR,ERV1,61,0,64,4
1085,tRNA-Val-GTG,tRNA,tRNA,20,0,24,14
1086,HERVK9-int,LTR,ERVK,362,681,353,325
1087,tRNA-Ser-AGY,tRNA,tRNA,0,0,0,12
1088,HERVIP10F-int,LTR,ERV1,227,314,366,201
1089,HERV3-int,LTR,ERV1,411,806,200,124
1090,U17,snRNA,snRNA,4335,10118,1520,1367
1091,MER92A,LTR,ERV1,4,92,12,0
1092,UCON100,DNA?,DNA?,0,0,0,0
1093,MER70-int,LTR,ERVL,219,270,76,34
1094,CR1-11_Crp,LINE,CR1,27,0,4,12
1095,UCON74,DNA?,DNA?,83,56,63,43
1096,AluJb,SINE,Alu,23328,34804,26626,16165
1097,AluSc5,SINE,Alu,745,1376,672,450
1098,SATR1,Satellite,Satellite,40,5,44,34
1099,AluSc8,SINE,Alu,2871,4630,3149,2060
1100,L1PA10,LINE,L1,2224,2987,2528,1385
1101,L1PA13,LINE,L1,2684,4241,3278,1695
1102,L1PA12,LINE,L1,984,1332,790,401
1103,AluJo,SINE,Alu,14234,22034,15723,9622
1104,L1PA14,LINE,L1,986,1689,1357,579
1105,AluYh3a3,SINE,Alu,128,68,56,49
1106,L1PA16,LINE,L1,4424,5191,4895,2193
1107,HERVFH21-int,LTR,ERV1,85,47,12,44
1108,L1MC,LINE,L1,1538,1631,2049,1130
1109,UCON65,Unknown,Unknown,0,0,0,0
1110,UCON64,Unknown,Unknown,16,0,8,0
1111,UCON63,Unknown,Unknown,0,0,8,0
1112,LTR43,LTR,ERV1,34,39,49,23
1113,L1MD,LINE,L1,2724,4165,3405,1844
1114,MLT1J,LTR,ERVL-MaLR,3730,5140,4047,1957
1115,MLT1N2,LTR,ERVL-MaLR,954,934,712,350
1116,UCON28a,Unknown,Unknown,0,8,4,0
1117,UCON28b,Unknown,Unknown,47,4,0,0
1118,LSU-rRNA_Hsa,rRNA,rRNA,8903,30103,3229,3028
1119,MLT1H2-int,LTR,ERVL-MaLR,55,0,52,20
1120,HERVL18-int,LTR,ERVL,202,611,336,70
1121,tRNA-Phe-TTY,tRNA,tRNA,8,0,0,0
1122,tRNA-Thr-ACA,tRNA,tRNA,12,0,0,0
1123,MSTB2-int,LTR,ERVL-MaLR,34,4,40,16
1124,MamRep137,DNA,TcMar-Tigger,949,1343,1252,723
1125,MER66B,LTR,ERV1,212,533,537,272
1126,MER83,LTR,ERV1,162,79,206,81
1127,MER91A,DNA,hAT-Tip100,722,1407,484,354
1128,MIR1_Amn,SINE,MIR,3115,5016,2954,2080
1129,MER45R,DNA,hAT-Tip100,11,0,19,20
1130,MER4D0,LTR,ERV1,76,56,320,105
1131,BLACKJACK,DNA,hAT-Blackjack,342,440,503,265
1132,MLT1A1,LTR,ERVL-MaLR,1231,2498,1590,907
1133,MLT1A0,LTR,ERVL-MaLR,4255,7161,4512,2471
1134,L2-3_AMi,LINE,L2,0,0,0,0
1135,HERVL-int,LTR,ERVL,1645,3059,1514,823
1136,MER91C,DNA,hAT-Tip100,345,337,223,218
1137,L1MA5,LINE,L1,1458,2740,2064,1216
1138,MLT1N2-int,LTR,ERVL-MaLR,36,71,0,0
1139,U6,snRNA,snRNA,345,559,413,201
1140,X7B_LINE,LINE,CR1,87,43,180,128
1141,L1M2a,LINE,L1,845,1849,944,641
1142,MamRep1879,DNA,hAT-Tip100?,188,452,208,153
1143,L1M2c,LINE,L1,292,357,277,157
1144,L1M2b,LINE,L1,72,32,112,36
1145,CR1-8_Crp,LINE,CR1,0,0,0,0
1146,LTR22A,LTR,ERVK,82,92,102,26
1147,HERV-Fc1-int,LTR,ERV1,0,6,12,1
1148,AluSz6,SINE,Alu,7980,11739,8988,5498
1149,L1PA8A,LINE,L1,1216,1224,1233,493
1150,MER68B,LTR,ERVL,158,314,236,159
1151,MER68C,LTR,ERVL,28,0,44,15
1152,MER83C,LTR,ERV1,0,88,12,0
1153,MER50C,LTR,ERV1,106,133,71,56
1154,AluYd8,SINE,Alu,14,20,16,8
1155,MER52A,LTR,ERV1,841,1529,698,352
1156,tRNA-Trp-TGG,tRNA,tRNA,0,56,0,0
1157,MER52C,LTR,ERV1,110,174,112,75
1158,L1M2,LINE,L1,2313,3992,4008,1614
1159,L1M3,LINE,L1,1146,1494,2023,1038
1160,L2c,LINE,L2,55160,83750,62273,34003
1161,L1M1,LINE,L1,2611,3601,3562,1683
1162,L1M6,LINE,L1,827,1016,1218,621
1163,L1M7,LINE,L1,783,916,996,468
1164,L1M4,LINE,L1,6358,7702,9281,4283
1165,L1M5,LINE,L1,10986,14102,17757,8943
1166,MLT1G,LTR,ERVL-MaLR,814,1516,711,326
1167,MLT1F,LTR,ERVL-MaLR,1282,2261,1186,822
1168,L1M8,LINE,L1,602,695,894,310
1169,MLT1D,LTR,ERVL-MaLR,4733,8327,6188,3260
1170,MLT1C,LTR,ERVL-MaLR,5101,8589,5567,3147
1171,MLT1B,LTR,ERVL-MaLR,12667,24879,6645,4502
1172,MLT1A,LTR,ERVL-MaLR,1929,2293,2214,1431
1173,tRNA-Ser-TCA_m_,tRNA,tRNA,48,375,50,46
1174,MER4A1,LTR,ERV1,609,1541,670,437
1175,UCON99,DNA,DNA,4,0,12,4
1176,Looper,DNA,PiggyBac,245,304,376,237
1177,UCON92,Unknown,Unknown,0,0,28,0
1178,MLT1B-int,LTR,ERVL-MaLR,351,669,493,216
1179,LTR9B,LTR,ERV1,400,399,311,164
1180,LTR9C,LTR,ERV1,16,163,20,28
1181,LTR9D,LTR,ERV1,169,311,228,142
1182,UCON22,Unknown,Unknown,16,31,12,0
1183,UCON94,Unknown,Unknown,0,0,12,0
1184,MADE1,DNA,TcMar-Mariner,431,588,669,271
1185,MADE2,DNA,TcMar-Mariner,622,1359,358,260
1186,AluSp,SINE,Alu,7334,10579,7930,6007
1187,AluSq,SINE,Alu,3339,5846,3643,2675
1188,PABL_A-int,LTR,ERV1,197,364,158,114
1189,LTR33C,LTR,ERVL,192,98,67,99
1190,tRNA-Lys-AAG,tRNA,tRNA,69,64,48,16
1191,AluSx,SINE,Alu,17551,28335,20782,14281
1192,AluSz,SINE,Alu,16220,23989,17600,11344
1193,Ricksha_b,DNA,MULE-MuDR,17,193,64,1
1194,PABL_B,LTR,ERV1,71,208,109,25
1195,Charlie20a,DNA,hAT-Charlie,156,87,228,124
1196,L1MEh,LINE,L1,581,678,604,395
1197,L1MEi,LINE,L1,796,1233,1381,415
1198,L1MEj,LINE,L1,369,511,620,206
1199,AluSc,SINE,Alu,5721,8758,6393,4407
1200,L1MEd,LINE,L1,4033,4423,6258,3535
1201,tRNA-Gly-GGA,tRNA,tRNA,16,86,0,8
1202,Charlie23a,DNA,hAT-Charlie,157,224,282,87
1203,L1MEg,LINE,L1,3181,4277,4607,2439
1204,LTR7B,LTR,ERV1,296,554,265,170
1205,L1MEa,LINE,L1,12,0,68,9
1206,L1MEb,LINE,L1,332,758,871,279
1207,L1MEc,LINE,L1,4543,7639,7367,3179
1208,LTR76,LTR,ERV1,136,203,207,86
1209,LTR77,LTR,ERV1,16,15,24,16
1210,LTR101_Mam,LTR,ERVL,271,555,306,43
1211,LTR75,LTR,ERVL,121,143,116,36
1212,LTR47A,LTR,ERVL,138,366,166,126
1213,AluYc3,SINE,Alu,54,106,84,108
1214,LTR70,LTR,ERV1,241,190,301,155
1215,LTR47B,LTR,ERVL,0,0,0,0
1216,tRNA-Glu-GAG,tRNA,tRNA,0,0,0,0
1217,Tigger3d,DNA,TcMar-Tigger,182,218,253,188
1218,Tigger3c,DNA,TcMar-Tigger,657,751,796,387
1219,MLT1E1A,LTR,ERVL-MaLR,642,1373,593,505
1220,LTR78,LTR,ERV1,692,1434,778,281
1221,LTR79,LTR,ERVL,702,897,509,359
1222,tRNA-Tyr-TAC,tRNA,tRNA,40,43,0,0
1223,LTR67B,LTR,ERVL,444,407,807,351
1224,MSTA1-int,LTR,ERVL-MaLR,4,23,4,0
1225,MER113A,DNA,hAT-Charlie,522,604,494,338
1226,MER113B,DNA,hAT-Charlie,199,193,294,118
1227,tRNA-Glu-GAG_,tRNA,tRNA,325,618,35,54
1228,MamRep1527,LTR,LTR,104,234,92,53
1229,MER1B,DNA,hAT-Charlie,2627,4586,2354,1302
1230,LTR1B1,LTR,ERV1,16,31,23,0
1231,LTR1B0,LTR,ERV1,16,135,16,4
1232,LTR37-int,LTR,ERV1,361,473,651,417
1233,Harlequin-int,LTR,ERV1,545,917,504,377
1234,LTR88a,LTR,Gypsy?,87,83,96,16
1235,tRNA-Ala-GCG,tRNA,tRNA,12,92,0,0
1236,L1ME5,LINE,L1,633,1912,1049,582
1237,HERV16-int,LTR,ERVL,251,343,202,65
1238,L1ME1,LINE,L1,12959,16795,17946,8360
1239,CR1-L3B_Croc,LINE,CR1,0,0,0,0
1240,L1ME3,LINE,L1,3407,5376,5099,2187
1241,MSTC-int,LTR,ERVL-MaLR,24,32,124,20
1242,L1PBa1,LINE,L1,376,382,362,101
1243,LTR43-int,LTR,ERV1,23,140,14,0
1244,LTR7C,LTR,ERV1,141,364,218,193
1245,tRNA-Ala-GCY,tRNA,tRNA,16,32,0,0
1246,L1MA5A,LINE,L1,973,1468,1683,776
1247,LTR5_Hs,LTR,ERVK,279,498,325,265
1248,MER5A,DNA,hAT-Charlie,8864,11558,12329,7338
1249,REP522,Satellite,telo,13,41,8,4
1250,AmnSINE1,SINE,5S-Deu-L2,1663,2247,1922,1250
1251,X7D_LINE,LINE,CR1,8,0,0,0
1252,AmnSINE2,SINE,tRNA-Deu,124,419,204,125
1253,Tigger3b,DNA,TcMar-Tigger,2332,3487,2831,1547
1254,MSTB-int,LTR,ERVL-MaLR,520,566,471,287
1255,MLT1L-int,LTR,ERVL-MaLR,0,0,0,28
1256,L1PA3,LINE,L1,1503,2121,1685,702
1257,MamRep1894,DNA,hAT,94,105,113,91
1258,UCON20,Unknown,Unknown,0,0,0,0
1259,MER57E2,LTR,ERV1,4,0,8,4
1260,MER99,DNA,hAT?,56,99,52,0
1261,UCON50,Unknown,Unknown,0,0,12,0
1262,CRP1,SINE?,tRNA,0,0,0,0
1263,UCON44,Unknown,Unknown,46,0,16,4
1264,MLT1O-int,LTR,ERVL-MaLR,0,0,0,0
1265,MLT1H,LTR,ERVL-MaLR,2094,4037,2412,1164
1266,UCON47,Unknown,Unknown,40,15,40,40
