,gene,class,family,S25,S26,S21,S22
0,MER11B,LTR,ERVK,22377,15163,19738,12830
1,MER44B,DNA,TcMar-Tigger,797,713,1310,1019
2,UCON80_AMi,Unknown,Unknown,111,59,120,87
3,MSTA1,LTR,ERVL-MaLR,157,189,167,116
4,MLT1E1-int,LTR,ERVL-MaLR,0,0,0,0
5,UCON27,Unknown,Unknown,16,8,8,0
6,MER96B,DNA,hAT-Tip100,272,196,311,326
7,MLT1E2-int,LTR,ERVL-MaLR,37,16,118,20
8,UCON29,DNA,PiggyBac?,4,28,48,20
9,Zaphod2,DNA,hAT-Tip100,97,94,276,159
10,MER41E,LTR,ERV1,117,84,181,122
11,MER41D,LTR,ERV1,20,42,68,76
12,MER41G,LTR,ERV1,4,52,12,24
13,MLT2B3,LTR,ERVL,737,617,921,579
14,LTR82B,LTR,ERVL,68,190,203,195
15,UCON26,Unknown,Unknown,20,4,48,24
16,MER41C,LTR,ERV1,75,69,147,96
17,CR1-L3A_Croc,LINE,CR1,49,57,64,98
18,L1M4a2,LINE,L1,281,222,407,385
19,L1M4a1,LINE,L1,468,511,605,604
20,UCON19,Unknown,Unknown,0,0,0,8
21,MER96,DNA,hAT-Tip100,96,77,154,62
22,MER20B,DNA,hAT-Charlie,798,749,1359,1221
23,LTR82A,LTR,ERVL,200,135,388,259
24,MLT1E3,LTR,ERVL-MaLR,200,309,361,385
25,LTR35A,LTR,ERV1,20,8,68,8
26,LTR35B,LTR,ERV1,40,4,52,36
27,MER95,LTR,ERV1,24,12,72,44
28,MER44A,DNA,TcMar-Tigger,1314,1360,2768,2339
29,MSTB2,LTR,ERVL-MaLR,235,191,482,373
30,CER,Satellite,Satellite,55,61,51,77
31,AluYh7,SINE,Alu,9,4,22,5
32,Charlie15b,DNA,hAT-Charlie,707,527,765,573
33,LTR52-int,LTR,ERVL,8,16,68,32
34,Charlie15a,DNA,hAT-Charlie,763,700,1561,1546
35,LTR85c,LTR,Gypsy?,96,116,309,208
36,LTR85b,LTR,Gypsy?,78,55,129,88
37,LTR85a,LTR,Gypsy?,124,148,308,254
38,MER97b,DNA,hAT-Tip100,4,8,16,8
39,Tigger12c,DNA,TcMar-Tigger,210,124,318,303
40,AluYh9,SINE,Alu,0,1,14,5
41,LTR66,LTR,ERVL,62,16,36,44
42,LTR103_Mam,LTR,ERV1?,28,36,78,88
43,LTR61,LTR,ERV1,8,41,56,77
44,tRNA-Leu-TTA_m_,tRNA,tRNA,84,76,36,36
45,FordPrefect_a,DNA,hAT-Tip100,8,8,36,0
46,UCON67,Unknown,Unknown,0,12,8,0
47,LTR60,LTR,ERV1,0,12,0,12
48,tRNA-Leu-CTY,tRNA,tRNA,0,0,0,0
49,LTR60B,LTR,ERV1,12,8,20,4
50,UCON58,Unknown,Unknown,0,0,0,0
51,UCON59,Unknown,Unknown,24,0,20,24
52,UCON24,Unknown,Unknown,0,0,0,0
53,UCON57,Unknown,Unknown,0,0,0,0
54,UCON54,Unknown,Unknown,47,16,64,16
55,UCON55,DNA,TcMar-Tigger,107,84,142,79
56,UCON53,Unknown,Unknown,0,16,9,0
57,HERVKC4-int,LTR,ERVK,0,24,45,48
58,LSAU,Satellite,Satellite,0,0,4,0
59,Chap1_Mam,DNA,hAT-Charlie,373,296,491,486
60,LTR3,LTR,ERVK,160,96,338,177
61,X5B_LINE,LINE,CR1,24,7,16,32
62,AluSg7,SINE,Alu,1038,531,1376,1132
63,AluYi6_4d,SINE,Alu,20,14,37,32
64,LTR4,LTR,ERV1,123,39,230,145
65,LTR5,LTR,ERVK,29,47,87,28
66,LTR8,LTR,ERV1,1038,781,1528,1171
67,LTR9,LTR,ERV1,138,177,165,145
68,UCON66,Unknown,Unknown,0,0,0,0
69,ORSL,DNA,hAT-Tip100,180,154,247,264
70,X9_LINE,LINE,L1,510,375,596,521
71,MER57C2,LTR,ERV1,56,24,20,56
72,HERVH48-int,LTR,ERV1,131,86,298,186
73,MER57C1,LTR,ERV1,44,36,83,28
74,LTR13A,LTR,ERVK,62,74,210,187
75,hAT-16_Crp,DNA,hAT-Charlie,0,0,0,0
76,MSTB1-int,LTR,ERVL-MaLR,56,24,104,48
77,tRNA-Asn-AAT,tRNA,tRNA,0,0,0,0
78,L1PB3,LINE,L1,3634,3692,3251,2458
79,MER115,DNA,hAT-Tip100,437,312,539,333
80,Tigger13a,DNA,TcMar-Tigger,496,527,1123,903
81,MER117,DNA,hAT-Charlie,769,795,1559,1180
82,MER110,LTR,ERV1,94,44,112,67
83,MER112,DNA,hAT-Charlie,1000,783,2092,1576
84,L1PB1,LINE,L1,2998,3226,4188,3978
85,MER74A,LTR,ERVL,399,316,453,473
86,HERVK11D-int,LTR,ERVK,20,6,8,13
87,LTR13_,LTR,ERVK,76,68,45,50
88,MER119,DNA,hAT-Charlie,325,225,456,260
89,MER5C1,DNA,hAT-Charlie,125,134,212,118
90,PABL_A,LTR,ERV1,107,85,179,160
91,LTR38,LTR,ERV1,4,28,4,8
92,ALR_Alpha,Satellite,centr,1740,2463,1882,1999
93,MamGypLTR3,LTR,Gypsy,8,24,36,51
94,MER65-int,LTR,ERV1,145,126,150,87
95,MLT1K,LTR,ERVL-MaLR,2375,1950,4097,3420
96,LTR32,LTR,ERVL,239,210,359,287
97,LTR33,LTR,ERVL,816,855,1907,1437
98,L1MA10,LINE,L1,638,525,1226,1060
99,LTR31,LTR,ERV1,36,32,28,35
100,AluYg6,SINE,Alu,32,39,55,50
101,LTR34,LTR,ERV1,60,76,74,40
102,LTR35,LTR,ERV1,32,28,76,9
103,MLT2B2,LTR,ERVL,230,184,254,206
104,HERVK13-int,LTR,ERVK,145,120,281,220
105,UCON25,Unknown,Unknown,0,0,0,0
106,Tigger17a,DNA,TcMar-Tigger,861,810,1380,1262
107,L1P1,LINE,L1,579,522,891,774
108,L1P3,LINE,L1,976,681,1361,957
109,L1P2,LINE,L1,732,849,1090,1124
110,L1P5,LINE,L1,10,27,51,63
111,L1P4,LINE,L1,696,675,704,604
112,LTR108b_Mam,LTR,ERVL,0,0,0,12
113,LTR21A,LTR,ERV1,2027,1268,4476,2706
114,tRNA-Arg-AGA,tRNA,tRNA,0,0,28,12
115,LTR21C,LTR,ERVL,0,0,0,0
116,LTR21B,LTR,ERV1,4,16,4,28
117,LTR86B1,LTR,ERVL,68,43,124,79
118,LTR86B2,LTR,ERVL,28,32,35,12
119,UCON103,Unknown,Unknown,0,0,0,0
120,UCON101,Unknown,Unknown,0,0,0,0
121,L1PB,LINE,L1,175,203,348,214
122,UCON107,DNA,hAT-Tag1,0,20,91,48
123,ERV3-16A3_LTR,LTR,ERVL,72,29,257,184
124,tRNA-Glu-GAA,tRNA,tRNA,18,96,16,15
125,LTR18A,LTR,ERVL,40,70,44,100
126,LTR18C,LTR,ERVL,4,0,4,16
127,LTR18B,LTR,ERVL,64,76,76,128
128,ERV24_Prim-int,LTR,ERV1,80,28,98,24
129,MER70C,LTR,ERVL,0,40,47,40
130,LTR3B,LTR,ERVK,26,12,38,4
131,LTR3A,LTR,ERVK,134,44,76,124
132,MSTA,LTR,ERVL-MaLR,2164,2112,3749,2928
133,MSTB,LTR,ERVL-MaLR,1227,1196,2139,1454
134,LTR59,LTR,ERV1,8,20,36,4
135,MER11D,LTR,ERVK,27,14,37,65
136,LTR108a_Mam,LTR,ERVL,28,120,28,8
137,GSATII,Satellite,centr,9,1,18,11
138,ERVL47-int,LTR,ERVL,56,24,44,8
139,MER11C,LTR,ERVK,191,191,295,243
140,MER83B,LTR,ERV1,24,14,45,33
141,LTR24C,LTR,ERV1,52,32,55,47
142,LTR54,LTR,ERV1,124,143,116,160
143,tRNA-Pro-CCY,tRNA,tRNA,0,0,0,0
144,MER129,LTR?,LTR?,12,15,20,8
145,MER6C,DNA,TcMar-Tigger,8,16,78,24
146,LTR16B,LTR,ERVL,40,99,129,188
147,MER6A,DNA,TcMar-Tigger,296,293,626,416
148,MER130,DNA,DNA,20,0,24,28
149,Tigger15a,DNA,TcMar-Tigger,1205,1220,2070,1588
150,Tigger2b_Pri,DNA,TcMar-Tigger,351,300,686,650
151,Kanga11a,DNA,TcMar-Tc2,87,69,167,110
152,MER131,DNA?,DNA?,191,148,438,409
153,THE1D,LTR,ERVL-MaLR,1096,1213,1953,1585
154,Ricksha_c,DNA,MULE-MuDR,92,118,138,195
155,FordPrefect,DNA,hAT-Tip100,173,153,379,389
156,Charlie10a,DNA,hAT-Charlie,52,107,144,112
157,L1M3c,LINE,L1,195,144,319,305
158,Charlie10b,DNA,hAT-Charlie,68,92,93,47
159,L1M3f,LINE,L1,263,136,100,191
160,L1M3d,LINE,L1,83,68,104,128
161,L1M3e,LINE,L1,187,227,405,330
162,LTR47B4,LTR,ERVL,16,0,40,28
163,MLT2C2,LTR,ERVL,108,133,257,86
164,MER92C,LTR,ERV1,8,24,29,0
165,MER92B,LTR,ERV1,188,276,417,360
166,CR1-13_AMi,LINE,CR1,0,0,44,8
167,MER134,DNA?,DNA?,4,0,0,0
168,LTR47B2,LTR,ERVL,14,14,40,24
169,LTR47B3,LTR,ERVL,16,12,48,4
170,LTR1A2,LTR,ERV1,200,223,229,170
171,MER51A,LTR,ERV1,275,157,576,535
172,MER51B,LTR,ERV1,84,138,204,94
173,LTR1A1,LTR,ERV1,52,32,104,88
174,MER51D,LTR,ERV1,10,0,16,48
175,MER51E,LTR,ERV1,19,13,24,20
176,Tigger5,DNA,TcMar-Tigger,130,137,364,169
177,HERV4_I-int,LTR,ERV1,91,80,139,245
178,LTR86C,LTR,ERVL,52,56,79,24
179,MER45C,DNA,hAT-Tip100,234,122,318,180
180,MER45B,DNA,hAT-Tip100,167,117,211,195
181,L3b,LINE,CR1,2082,2066,3998,2740
182,LTR108e_Mam,LTR,ERVL,0,4,20,27
183,MER75A,DNA,PiggyBac,8,0,48,12
184,MER83B-int,LTR,ERV1,39,44,12,48
185,Tigger11a,DNA,TcMar-Tigger,322,248,700,393
186,Ricksha,DNA,MULE-MuDR,2,16,39,12
187,MER57A-int,LTR,ERV1,322,436,1075,812
188,HERVL66-int,LTR,ERVL,88,28,71,69
189,L1MA1,LINE,L1,1038,794,1541,1098
190,L1MA2,LINE,L1,1553,1486,2513,1828
191,L1MA3,LINE,L1,2471,2304,3319,3238
192,L1MA4,LINE,L1,2123,2176,3235,2981
193,AluYc,SINE,Alu,284,263,456,402
194,L1MA6,LINE,L1,976,835,1683,1330
195,L1MA7,LINE,L1,1118,1264,2592,1930
196,Charlie29a,DNA,hAT-Charlie,303,285,999,693
197,L1MA9,LINE,L1,2099,2088,3535,3276
198,MER4D1,LTR,ERV1,253,238,420,262
199,THE1C-int,LTR,ERVL-MaLR,553,588,771,683
200,UCON16,Unknown,Unknown,0,0,0,0
201,tRNA-Leu-TTG,tRNA,tRNA,0,11,0,0
202,tRNA-Gln-CAA,tRNA,tRNA,0,0,8,0
203,ERVL-int,LTR,ERVL,114,102,295,333
204,tRNA-Leu-TTA,tRNA,tRNA,0,0,27,0
205,tRNA-Gln-CAG,tRNA,tRNA,0,4,0,0
206,_GAATG_n,Satellite,Satellite,1,32,24,14
207,MLT1G-int,LTR,ERVL-MaLR,60,84,100,40
208,MER2B,DNA,TcMar-Tigger,764,643,919,798
209,UCON12,Unknown,Unknown,0,0,0,0
210,MER30,DNA,hAT-Charlie,1012,809,1521,1247
211,SSU-rRNA_Hsa,rRNA,rRNA,4298,5105,14502,8659
212,Charlie19a,DNA,hAT-Charlie,412,271,484,550
213,MLT1-int,LTR,ERVL-MaLR,65,56,34,90
214,UCON17,Unknown,Unknown,0,0,0,0
215,UCON14,DNA?,DNA?,20,4,40,12
216,MLT1E2,LTR,ERVL-MaLR,862,883,1363,823
217,MER21-int,LTR,ERVL,179,327,338,409
218,UCON18,Unknown,Unknown,0,0,0,0
219,MIR,SINE,MIR,30235,26171,51202,40038
220,_CATTC_n,Satellite,Satellite,6,1,2,0
221,MLT1E1,LTR,ERVL-MaLR,112,126,98,199
222,MER92-int,LTR,ERV1,187,235,175,238
223,tRNA-Asn-AAC,tRNA,tRNA,0,0,0,0
224,THE1A-int,LTR,ERVL-MaLR,809,656,2102,1537
225,tRNA-Val-GTA,tRNA,tRNA,0,0,0,0
226,LTR72B,LTR,ERV1,4,8,4,0
227,Charlie4z,DNA,hAT-Charlie,1467,1379,3236,2436
228,Tigger1a_Mars,DNA,TcMar-Tigger,4,0,0,0
229,MLT1F2,LTR,ERVL-MaLR,1151,1225,1838,1083
230,Charlie4a,DNA,hAT-Charlie,948,747,1252,1277
231,MLT1F1,LTR,ERVL-MaLR,570,509,1074,669
232,tRNA-Cys-TGY,tRNA,tRNA,16,4,20,4
233,tRNA-Gln-CAA_,tRNA,tRNA,0,0,0,0
234,ERVL-E-int,LTR,ERVL,1095,949,1844,1742
235,X2_LINE,LINE,CR1,16,0,19,12
236,X7A_LINE,LINE,CR1,153,182,239,224
237,UCON8,DNA,DNA,28,86,28,16
238,MER50-int,LTR,ERV1,89,75,165,139
239,LTR54B,LTR,ERV1,187,215,310,253
240,MamRep488,DNA,hAT-Tip100,79,60,64,60
241,MER84-int,LTR,ERV1,1,20,9,35
242,LTR102_Mam,LTR,ERVL,63,52,56,88
243,PABL_B-int,LTR,ERV1,197,213,506,422
244,MER41-int,LTR,ERV1,421,480,615,737
245,Eulor6C,DNA?,DNA?,0,0,0,0
246,L1MA4A,LINE,L1,1808,1357,2409,2277
247,HERVIP10FH-int,LTR,ERV1,224,212,402,280
248,tRNA-Met_,tRNA,tRNA,0,4,0,0
249,MER67D,LTR,ERV1,81,51,45,64
250,MLT1H1,LTR,ERVL-MaLR,339,420,646,527
251,AluYh3,SINE,Alu,304,166,294,263
252,AluYk4,SINE,Alu,84,99,188,161
253,AluYk2,SINE,Alu,82,63,182,90
254,AluYk3,SINE,Alu,112,74,209,120
255,LTR27B,LTR,ERV1,48,36,67,28
256,MER8,DNA,TcMar-Tigger,420,588,919,901
257,tRNA-Leu-CTA,tRNA,tRNA,0,0,0,0
258,MSTC,LTR,ERVL-MaLR,564,366,911,820
259,LTR2752,LTR,ERV1,68,50,64,91
260,UCON39,DNA,TcMar-Tigger,155,170,395,204
261,LTR39-int,LTR,ERV1,10,21,16,56
262,HSAT5,Satellite,Satellite,11,21,28,56
263,HSAT4,Satellite,centr,204,192,148,237
264,LTR22B1,LTR,ERVK,68,96,121,95
265,L1ME3E,LINE,L1,1184,822,1728,1307
266,UCON89,DNA,hAT?,24,36,20,8
267,LTR46-int,LTR,ERV1,175,159,277,227
268,tRNA-Thr-ACG,tRNA,tRNA,0,0,0,0
269,L1P4b,LINE,L1,12,0,24,0
270,Zaphod3,DNA,hAT-Tip100,146,40,214,64
271,L1PBa,LINE,L1,679,544,729,540
272,MamRTE1,LINE,RTE-BovB,5166,4038,12566,8982
273,UCON80,DNA,hAT?,24,4,79,35
274,UCON83,SINE?,SINE?,0,0,0,0
275,LTR16D,LTR,ERVL,70,92,152,126
276,LTR16C,LTR,ERVL,712,437,1176,940
277,L1PBb,LINE,L1,112,72,130,84
278,LTR16A,LTR,ERVL,329,250,489,485
279,UCON86,LINE,L2,0,0,60,8
280,LTR16B2,LTR,ERVL,178,130,176,198
281,SAR,Satellite,Satellite,17,2,8,0
282,MARNA,DNA,TcMar-Mariner,1733,1156,2909,1745
283,LTR16B1,LTR,ERVL,172,147,148,146
284,LTR9A1,LTR,ERV1,116,51,155,128
285,MER58D,DNA,hAT-Charlie,489,455,945,1168
286,MER58C,DNA,hAT-Charlie,706,603,1471,900
287,MER58B,DNA,hAT-Charlie,1493,1525,2845,2240
288,MER58A,DNA,hAT-Charlie,3179,2682,6855,5135
289,MamGypLTR2c,LTR,Gypsy,56,92,96,96
290,HSATI,Satellite,Satellite,0,0,0,0
291,Charlie3,DNA,hAT-Charlie,181,132,281,224
292,Charlie1,DNA,hAT-Charlie,1129,961,1701,1107
293,Charlie6,DNA,hAT-Charlie,128,74,256,136
294,Charlie7,DNA,hAT-Charlie,598,560,1253,933
295,Charlie4,DNA,hAT-Charlie,67,20,8,9
296,Charlie5,DNA,hAT-Charlie,314,318,633,547
297,MER39B,LTR,ERV1,287,343,599,340
298,Charlie8,DNA,hAT-Charlie,740,729,1446,1217
299,L1MC5,LINE,L1,4801,4941,9443,7220
300,MER101-int,LTR,ERV1,334,240,816,619
301,HSMAR1,DNA,TcMar-Mariner,982,851,1648,965
302,LTR42,LTR,ERVL,176,99,260,56
303,LTR41,LTR,ERVL,508,510,1019,859
304,HSMAR2,DNA,TcMar-Mariner,475,515,1125,670
305,LTR46,LTR,ERV1,140,99,320,164
306,LTR45,LTR,ERV1,16,12,32,16
307,LTR44,LTR,ERV1,39,4,100,43
308,Tigger19a,DNA,TcMar-Tigger,851,722,1896,1229
309,LTR49,LTR,ERV1,102,221,374,253
310,LTR48,LTR,ERV1,230,182,297,216
311,AluYb9,SINE,Alu,42,21,82,57
312,AluYb8,SINE,Alu,356,202,369,283
313,LTR38C,LTR,ERV1,0,0,24,0
314,LTR38B,LTR,ERV1,16,20,44,44
315,tRNA-Leu-CTG,tRNA,tRNA,0,0,20,12
316,Tigger4a,DNA,TcMar-Tigger,783,653,1277,1448
317,LTR26B,LTR,ERV1,55,16,24,8
318,Alu,SINE,Alu,268,215,590,413
319,LTR26D,LTR,ERV1,11,11,0,3
320,LTR26E,LTR,ERV1,20,16,87,87
321,MER9a2,LTR,ERVK,99,42,194,102
322,HERV15-int,LTR,ERV1,75,49,87,68
323,L1MB8,LINE,L1,5496,6569,10541,9054
324,UCON69,DNA,hAT?,0,0,0,0
325,Charlie14a,DNA,hAT-Charlie,431,318,828,785
326,HERV-Fc2-int,LTR,ERV1,0,0,0,0
327,L1MB1,LINE,L1,940,814,1467,1509
328,L1MB3,LINE,L1,4875,5375,9370,7694
329,L1MB2,LINE,L1,5179,4926,6441,5326
330,L1MB5,LINE,L1,3222,2964,4627,4098
331,L1MB4,LINE,L1,2543,2229,5347,4481
332,AluJr4,SINE,Alu,2211,1718,4513,3584
333,L1P4a,LINE,L1,85,34,156,110
334,UCON4,Unknown,Unknown,24,20,60,16
335,UCON71_Crp,Unknown,Unknown,83,68,237,126
336,MamRep4096,DNA,hAT-Tip100,183,208,252,175
337,MER135,DNA,DNA,155,128,281,145
338,THE1-int,LTR,ERVL-MaLR,53,63,218,118
339,HERVS71-int,LTR,ERV1,210,178,496,373
340,HSAT6,Satellite,Satellite,0,0,0,0
341,HERVK11-int,LTR,ERVK,138,105,160,183
342,ACRO1,Satellite,acro,2,3,0,2
343,LTR90A,LTR,LTR,51,88,111,95
344,UCON35,Unknown,Unknown,0,0,4,12
345,LTR90B,LTR,LTR,64,28,24,86
346,LTR27E,LTR,ERV1,164,67,72,28
347,MER65B,LTR,ERV1,48,4,40,16
348,MER65A,LTR,ERV1,220,151,303,179
349,UCON88,Unknown,Unknown,12,0,0,8
350,HERVK3-int,LTR,ERVK,560,463,692,727
351,L1ME2z,LINE,L1,2027,2026,3509,2868
352,L1PA11,LINE,L1,1163,1050,1964,1544
353,OldhAT1,DNA,hAT-Ac,2816,2377,5534,3592
354,LTR91,LTR,ERVL,4,0,12,20
355,Charlie1a,DNA,hAT-Charlie,2004,1878,3379,2773
356,Charlie1b,DNA,hAT-Charlie,994,826,1614,1292
357,PRIMA41-int,LTR,ERV1,72,88,116,77
358,LTR26C,LTR,ERV1,44,4,43,12
359,LTR27D,LTR,ERV1,4,20,24,0
360,SST1,Satellite,centr,69,57,86,41
361,MER54A,LTR,ERVL,103,97,102,97
362,MER103C,DNA,hAT-Charlie,1679,1818,4262,3279
363,MER51-int,LTR,ERV1,260,202,318,232
364,MER67C,LTR,ERV1,128,105,236,218
365,L1PA15,LINE,L1,2124,1586,2787,2543
366,SVA_C,Retroposon,SVA,94,69,182,129
367,AluYm1,SINE,Alu,304,309,660,508
368,UCON81,DNA,hAT-Charlie,0,0,0,16
369,LTR1D1,LTR,ERV1,60,73,84,92
370,L1PA17,LINE,L1,1050,829,1418,1335
371,ERV3-16A3_I-int,LTR,ERVL,976,840,1484,1187
372,MER34A1,LTR,ERV1,59,48,346,277
373,Tigger16a,DNA,TcMar-Tigger,405,181,465,441
374,THE1B-int,LTR,ERVL-MaLR,1177,1210,1733,2164
375,Tigger9a,DNA,TcMar-Tigger,182,158,315,220
376,Tigger9b,DNA,TcMar-Tigger,193,231,402,194
377,LTR27C,LTR,ERV1,60,92,132,116
378,Charlie18a,DNA,hAT-Charlie,735,422,1700,1201
379,MLT2F,LTR,ERVL,359,160,487,440
380,AluSq10,SINE,Alu,264,209,311,254
381,AluJr,SINE,Alu,10501,8441,20513,14590
382,Charlie10,DNA,hAT-Charlie,327,203,196,324
383,Charlie11,DNA,hAT-Charlie,12,16,24,44
384,Charlie12,DNA,hAT-Charlie,40,0,32,24
385,UCON21,DNA?,DNA?,0,0,0,4
386,L1MEg1,LINE,L1,207,175,295,219
387,L1MEg2,LINE,L1,161,180,204,251
388,Charlie17,DNA,hAT-Charlie,314,243,472,343
389,MER110A,LTR,ERV1,74,56,40,68
390,UCON56,Unknown,Unknown,0,0,0,0
391,UCON82,Unknown,Unknown,0,0,0,0
392,HERVE-int,LTR,ERV1,197,114,279,221
393,MLT1L,LTR,ERVL-MaLR,1615,1506,2790,2623
394,UCON87,Unknown,Unknown,0,0,0,0
395,MLT1H1-int,LTR,ERVL-MaLR,46,17,61,40
396,tRNA-Ala-GCA,tRNA,tRNA,8,0,0,0
397,HUERS-P2-int,LTR,ERV1,8,24,56,28
398,UCON62,DNA?,DNA?,0,0,0,0
399,MLT1E3-int,LTR,ERVL-MaLR,21,28,14,28
400,L2a,LINE,L2,44697,41831,82503,67371
401,Kanga1,DNA,TcMar-Tc2,51,67,127,94
402,MamGyp-int,LTR,Gypsy,346,243,481,276
403,CR1-3_Croc,LINE,CR1,303,240,614,432
404,LTR22E,LTR,ERVK,68,87,325,99
405,MER76-int,LTR,ERVL,30,25,44,96
406,UCON60,Unknown,Unknown,0,0,0,12
407,ERVL-B4-int,LTR,ERVL,1161,864,1560,1164
408,LTR22B,LTR,ERVK,9,9,34,52
409,LTR22C,LTR,ERVK,4,1,3,3
410,MER81,DNA,hAT-Blackjack,270,232,259,295
411,MLT1H2,LTR,ERVL-MaLR,1893,1634,4233,3383
412,UCON23,DNA,hAT-Tip100?,28,0,8,4
413,MST-int,LTR,ERVL-MaLR,271,189,179,108
414,UCON12A,Unknown,Unknown,0,0,0,0
415,UCON31,Unknown,Unknown,0,0,28,0
416,UCON51,LTR?,LTR?,0,0,0,12
417,CR1-16_AMi,LINE,CR1,36,52,24,100
418,L4_A_Mam,LINE,RTE-X,1114,864,1758,1175
419,HERVH-int,LTR,ERV1,1716,2288,6964,4208
420,AluSg4,SINE,Alu,932,713,1521,1160
421,LTR23-int,LTR,ERV1,18,0,13,10
422,LTR88c,LTR,Gypsy?,4,68,107,52
423,MamTip1,DNA,hAT-Tip100,52,111,127,140
424,UCON48,Unknown,Unknown,20,16,4,20
425,MamTip3,DNA,hAT-Tip100,91,64,124,99
426,MamTip2,DNA,hAT-Tip100,939,762,1968,1218
427,THE1C,LTR,ERVL-MaLR,936,907,1738,1695
428,THE1B,LTR,ERVL-MaLR,2153,1909,3446,3083
429,THE1A,LTR,ERVL-MaLR,857,636,1851,1124
430,UCON46,Unknown,Unknown,0,0,0,24
431,UCON41,Unknown,Unknown,0,0,0,0
432,UCON40,Unknown,Unknown,172,203,204,307
433,UCON43,Unknown,Unknown,0,4,8,0
434,MER84,LTR,ERV1,263,254,180,142
435,MER4CL34,LTR,ERV1,81,115,104,208
436,LTR1,LTR,ERV1,40,20,79,64
437,MamRep1161,DNA,TcMar-Tigger,0,0,0,8
438,HERV1_I-int,LTR,ERV1,16,96,100,144
439,LTR53B,LTR,ERVL,13,40,36,16
440,UCON68,Unknown,Unknown,0,0,0,0
441,Eulor2A,DNA?,DNA?,16,11,32,8
442,Eulor2B,DNA?,DNA?,8,12,92,20
443,Eulor2C,DNA?,DNA?,0,0,0,0
444,L1M4c,LINE,L1,3588,3132,2904,2504
445,L1M4b,LINE,L1,977,1097,1744,1180
446,LTR109A2,LTR,ERV1,0,8,0,0
447,Plat_L3,LINE,CR1,531,634,950,1109
448,tRNA-Pro-CCA,tRNA,tRNA,0,0,0,0
449,tRNA-Pro-CCG,tRNA,tRNA,0,0,0,0
450,X6A_LINE,LINE,CR1,482,183,824,434
451,LTR06,LTR,ERV1,12,0,32,44
452,MER101,LTR,ERV1,131,8,129,32
453,HERVL32-int,LTR,ERVL,16,0,16,20
454,L1PREC2,LINE,L1,2471,2071,3621,3118
455,MamGypLTR2b,LTR,Gypsy,24,24,13,100
456,MER105,DNA,hAT-Charlie,92,154,311,242
457,MER104,DNA,TcMar-Tc2,443,539,850,719
458,MamGypLTR3a,LTR,Gypsy,71,84,130,89
459,MER67B,LTR,ERV1,166,71,116,116
460,U13_,snRNA,snRNA,118,76,91,52
461,tRNA-His-CAY_,tRNA,tRNA,0,13,15,12
462,HERVK-int,LTR,ERVK,270,260,206,134
463,AluYf1,SINE,Alu,119,87,299,233
464,AluSx4,SINE,Alu,1446,1146,2369,1971
465,LTR38A1,LTR,ERV1,1,0,4,20
466,AluSx1,SINE,Alu,10451,8461,19015,14610
467,AluSx3,SINE,Alu,3626,2748,6952,4730
468,L1HS,LINE,L1,335,339,561,462
469,L5,LINE,RTE-X,215,108,220,204
470,MER21C,LTR,ERVL,1817,1642,2719,2316
471,MER21B,LTR,ERVL,1149,1055,2219,1480
472,MER21A,LTR,ERVL,788,935,1264,866
473,tRNA-Ser-TCG,tRNA,tRNA,0,0,0,0
474,L2,LINE,L2,15580,14727,26239,23749
475,MIR3,SINE,MIR,18088,14926,32425,24894
476,L3,LINE,CR1,12835,10927,24250,18263
477,Charlie21a,DNA,hAT-Charlie,475,361,807,488
478,ERV24B_Prim-int,LTR,ERV1,20,69,58,72
479,Chompy-6_Croc,DNA,PIF-Harbinger,0,0,0,0
480,MER68-int,LTR,ERVL,24,82,79,96
481,L1M2a1,LINE,L1,16,8,16,32
482,MER88,LTR,ERVL,8,56,0,4
483,LTR75_1,LTR,ERV1,24,32,32,76
484,MER57E1,LTR,ERV1,65,62,150,37
485,MER4A1_,LTR,ERV1,162,171,386,322
486,MER57E3,LTR,ERV1,230,162,351,130
487,HERVK14-int,LTR,ERVK,72,141,117,72
488,GSATX,Satellite,centr,0,0,0,0
489,tRNA-Ser-TCA,tRNA,tRNA,0,0,0,0
490,MER85,DNA,PiggyBac,200,186,420,374
491,LTR16A2,LTR,ERVL,158,160,248,266
492,LTR16A1,LTR,ERVL,301,340,707,532
493,LTR19-int,LTR,ERV1,119,151,281,148
494,LTR71A,LTR,ERV1,20,24,72,48
495,LTR71B,LTR,ERV1,34,28,37,83
496,Charlie9,DNA,hAT-Charlie,393,523,705,647
497,MLT1J-int,LTR,ERVL-MaLR,172,144,397,219
498,MER61C,LTR,ERV1,24,44,22,36
499,MER61B,LTR,ERV1,39,48,131,28
500,MER61A,LTR,ERV1,120,32,76,72
501,Tigger5b,DNA,TcMar-Tigger,889,373,1119,575
502,MER61F,LTR,ERV1,36,28,28,20
503,MER61E,LTR,ERV1,25,83,349,282
504,MER61D,LTR,ERV1,76,24,20,8
505,MER136,DNA,DNA,0,0,8,0
506,MER75,DNA,PiggyBac,168,99,227,132
507,MER76,LTR,ERVL,25,88,154,115
508,MER77,LTR,ERVL,497,274,944,922
509,MER72,LTR,ERV1,171,104,256,159
510,MER73,LTR,ERVL,16,48,90,32
511,L1MC5a,LINE,L1,6386,5797,10678,8375
512,UCON33,DNA,TcMar-Tigger,12,20,12,16
513,Helitron1Na_Mam,RC,Helitron,15,8,40,12
514,LTR12C,LTR,ERV1,665,539,1080,995
515,LTR12B,LTR,ERV1,27,23,11,14
516,MER61-int,LTR,ERV1,373,313,368,390
517,tRNA-Ile-ATA,tRNA,tRNA,3,0,54,32
518,LTR12F,LTR,ERV1,75,71,104,83
519,LTR12E,LTR,ERV1,51,57,122,100
520,LTR12D,LTR,ERV1,53,82,132,135
521,tRNA-Met,tRNA,tRNA,0,0,12,12
522,HERV30-int,LTR,ERV1,1,12,32,28
523,tRNA-Ser-TCY,tRNA,tRNA,0,0,0,0
524,U13,snRNA,snRNA,36,46,140,132
525,LTR47A2,LTR,ERVL,140,75,152,128
526,LTR40a,LTR,ERVL,220,163,423,385
527,LTR40b,LTR,ERVL,163,205,353,330
528,LTR33A_,LTR,ERVL,121,184,168,352
529,LTR12_,LTR,ERV1,44,144,120,59
530,UCON96,Unknown,Unknown,0,0,20,8
531,MLT1M-int,LTR,ERVL-MaLR,0,0,0,0
532,Eulor9A,DNA,DNA,11,28,28,27
533,MamGypsy2-LTR,LTR,Gypsy,37,56,55,92
534,Eulor9C,DNA,DNA,0,0,8,16
535,Eulor9B,DNA,DNA,0,4,0,0
536,tRNA-Met-i,tRNA,tRNA,0,0,0,0
537,MER123,DNA?,DNA?,12,4,8,0
538,BSR_Beta,Satellite,Satellite,237,108,358,251
539,LTR2,LTR,ERV1,175,186,430,245
540,MER2,DNA,TcMar-Tigger,2494,2261,5215,4138
541,MER3,DNA,hAT-Charlie,1962,1930,3542,2746
542,Arthur1C,DNA,hAT-Tip100,20,24,132,96
543,HERVL74-int,LTR,ERVL,195,199,333,284
544,Arthur1A,DNA,hAT-Tip100,145,228,376,255
545,HERV1_LTRa,LTR,ERV1,8,72,45,35
546,HERV1_LTRc,LTR,ERV1,0,0,32,0
547,HERV1_LTRb,LTR,ERV1,0,8,32,0
548,HERV1_LTRe,LTR,ERV1,52,0,12,0
549,HERV1_LTRd,LTR,ERV1,8,0,4,0
550,MER4-int,LTR,ERV1,825,613,1340,780
551,Tigger4b,DNA,TcMar-Tigger,1081,961,1999,1521
552,MER106B,DNA,hAT-Charlie,202,255,303,323
553,MER106A,DNA,hAT-Charlie,132,144,342,219
554,MamGypLTR1a,LTR,Gypsy,88,35,100,28
555,L1M3de,LINE,L1,44,69,177,91
556,MamGypLTR1b,LTR,Gypsy,294,305,1825,1356
557,MamGypLTR1d,LTR,Gypsy,60,100,103,60
558,L1PA15-16,LINE,L1,185,268,229,343
559,MER44D,DNA,TcMar-Tigger,216,340,277,348
560,MER113,DNA,hAT-Charlie,592,521,893,737
561,tRNA-Val-GTY,tRNA,tRNA,4,0,8,0
562,LTR3B_,LTR,ERVK,139,100,189,164
563,MER65C,LTR,ERV1,1190,829,1474,993
564,HERV-Fc2_LTR,LTR,ERV1,0,0,0,0
565,MER41A,LTR,ERV1,441,441,579,472
566,MER66-int,LTR,ERV1,190,154,265,217
567,TAR1,Satellite,telo,16,8,2,7
568,Tigger16b,DNA,TcMar-Tigger,674,498,851,790
569,MER74C,LTR,ERVL,28,20,28,40
570,UCON84,Unknown,Unknown,0,0,0,0
571,MLT2A1,LTR,ERVL,237,311,415,296
572,U4,snRNA,snRNA,81,216,159,184
573,MLT1E-int,LTR,ERVL-MaLR,0,0,0,0
574,MER74B,LTR,ERVL,100,113,248,324
575,L2-1_Crp,LINE,L2,24,20,64,52
576,MLT2A2,LTR,ERVL,417,352,457,585
577,Arthur1B,DNA,hAT-Tip100,219,196,332,303
578,PRIMA4-int,LTR,ERV1,163,198,417,205
579,THE1D-int,LTR,ERVL-MaLR,499,584,771,978
580,Mam_R4,LINE,Dong-R4,35,65,35,117
581,MLT1G1,LTR,ERVL-MaLR,654,504,1070,1088
582,MLT1G3,LTR,ERVL-MaLR,486,404,510,700
583,Charlie25,DNA,hAT-Charlie,163,100,68,179
584,Charlie24,DNA,hAT-Charlie,272,228,457,378
585,LTR6B,LTR,ERV1,102,134,459,223
586,UCON72,Unknown,Unknown,0,8,4,0
587,tRNA-SeC_e_-TGA,tRNA,tRNA,0,0,8,24
588,MLT1H-int,LTR,ERVL-MaLR,220,204,242,219
589,LOR1a,LTR,ERV1,191,142,395,577
590,Arthur1,DNA,hAT-Tip100,235,172,379,211
591,MLT1J1-int,LTR,ERVL-MaLR,68,59,84,66
592,LOR1b,LTR,ERV1,146,41,205,102
593,LTR10B1,LTR,ERV1,88,56,230,108
594,LTR10B2,LTR,ERV1,8,0,48,20
595,LTR108c_Mam,LTR,ERVL,0,0,0,0
596,MLT1K-int,LTR,ERVL-MaLR,0,12,52,28
597,MIRb,SINE,MIR,38350,34241,65787,52976
598,Charlie13a,DNA,hAT-Charlie,108,153,144,110
599,Charlie13b,DNA,hAT-Charlie,79,90,208,157
600,UCON132b,DNA,hAT-Tip100,80,150,77,125
601,MER63B,DNA,hAT-Blackjack,316,337,564,485
602,LTR39,LTR,ERV1,2674,1633,1294,517
603,UCON78,DNA,DNA,16,4,111,56
604,AluYj4,SINE,Alu,222,183,318,267
605,MER66D,LTR,ERV1,20,4,16,4
606,LTR107_Mam,LTR,LTR,28,44,56,16
607,MER66C,LTR,ERV1,70,61,70,74
608,MER91B,DNA,hAT-Tip100,208,204,281,187
609,MER66A,LTR,ERV1,8,60,136,88
610,Charlie2a,DNA,hAT-Charlie,483,525,800,714
611,Charlie2b,DNA,hAT-Charlie,789,712,1100,966
612,L1MA8,LINE,L1,1822,2031,3082,2513
613,MER50B,LTR,ERV1,44,12,84,81
614,MIRc,SINE,MIR,17914,16283,28209,23030
615,tRNA-Lys-AAA,tRNA,tRNA,0,0,0,20
616,LTR22C0,LTR,ERVK,38,29,99,103
617,X1_LINE,LINE,CR1,4,0,4,0
618,LTR22C2,LTR,ERVK,4,37,5,0
619,MER46C,DNA,TcMar-Tigger,1536,1127,2524,2035
620,MER31B,LTR,ERV1,256,252,438,369
621,MamRep38,DNA,hAT,292,283,387,289
622,MER31A,LTR,ERV1,227,100,310,350
623,MER107,DNA,hAT-Charlie,53,29,139,57
624,L4_B_Mam,LINE,RTE-X,831,521,935,739
625,MER34D,LTR,ERV1,56,4,80,83
626,LTR88b,LTR,Gypsy?,112,136,236,251
627,MamRep1151,LTR?,LTR?,306,358,162,235
628,MER20,DNA,hAT-Charlie,3332,3095,6484,4921
629,LTR30,LTR,ERV1,45,7,70,26
630,LTR7,LTR,ERV1,216,178,427,298
631,LTR16E2,LTR,ERVL,289,313,424,347
632,LTR16E1,LTR,ERVL,199,319,394,277
633,LTR43B,LTR,ERV1,33,31,16,20
634,MER49,LTR,ERV1,648,500,966,750
635,MER48,LTR,ERV1,24,60,28,40
636,PRIMAX-int,LTR,ERV1,0,0,0,0
637,LTR36,LTR,ERV1,195,187,117,281
638,LTR40c,LTR,ERVL,107,108,312,176
639,UCON49,LINE,L2,32,16,16,24
640,UCON105,Unknown,Unknown,63,44,88,143
641,PRIMA4_LTR,LTR,ERV1,72,16,65,55
642,HERVK22-int,LTR,ERVK,675,607,1288,745
643,tRNA-Arg-CGG,tRNA,tRNA,0,0,0,0
644,Tigger6a,DNA,TcMar-Tigger,270,270,271,464
645,Tigger6b,DNA,TcMar-Tigger,28,56,40,60
646,SVA_F,Retroposon,SVA,193,138,315,251
647,tRNA-Arg-CGA,tRNA,tRNA,0,0,0,0
648,MER52D,LTR,ERV1,68,64,148,96
649,L1MCb,LINE,L1,175,114,218,224
650,L1MCc,LINE,L1,530,537,822,865
651,L1PB2,LINE,L1,547,475,853,559
652,L1MCa,LINE,L1,847,1083,1476,1135
653,L1PB4,LINE,L1,1459,1146,1950,1301
654,MER72B,LTR,ERV1,12,28,32,16
655,MER102b,DNA,hAT-Charlie,980,1113,2167,1567
656,MER102c,DNA,hAT-Charlie,706,555,1531,1046
657,MER102a,DNA,hAT-Charlie,984,757,1138,829
658,LTR58,LTR,ERV1,36,8,80,24
659,AluYa5,SINE,Alu,98,77,135,163
660,tRNA-Arg-AGG,tRNA,tRNA,0,0,0,31
661,LTR53-int,LTR,ERVL,107,142,180,131
662,AluYa8,SINE,Alu,9,10,35,13
663,LTR55,LTR,ERVL?,0,8,36,59
664,LTR56,LTR,ERV1,125,118,274,264
665,LTR57,LTR,ERVL,90,59,48,76
666,LTR45C,LTR,ERV1,37,80,114,96
667,LTR45B,LTR,ERV1,34,81,129,40
668,LTR52,LTR,ERVL,131,61,72,263
669,LTR53,LTR,ERVL,124,58,209,111
670,MER39,LTR,ERV1,381,319,623,410
671,MER34B-int,LTR,ERV1,183,122,316,184
672,LTR75B,LTR,ERVL,3,5,44,74
673,CR1-12_AMi,LINE,CR1,12,36,40,0
674,CR1_Mam,LINE,CR1,325,497,744,606
675,MER33,DNA,hAT-Charlie,2023,1951,3491,2897
676,MER34,LTR,ERV1,214,63,267,195
677,L1P4d,LINE,L1,36,1,5,12
678,MLT1G3-int,LTR,ERVL-MaLR,45,46,60,56
679,HERVI-int,LTR,ERV1,74,83,93,74
680,Eulor6A,DNA?,DNA?,0,0,0,0
681,Eulor6B,DNA?,DNA?,0,0,0,0
682,L1P4e,LINE,L1,23,12,12,42
683,Eulor6D,DNA?,DNA?,0,0,16,0
684,Eulor6E,DNA?,DNA?,4,0,0,0
685,MER83A-int,LTR,ERV1,12,0,24,20
686,MER44C,DNA,TcMar-Tigger,396,382,775,728
687,L1MC2,LINE,L1,1797,1598,3100,2566
688,L1MC3,LINE,L1,2813,2596,4144,3605
689,FRAM,SINE,Alu,1030,722,1592,1303
690,L1MC1,LINE,L1,5473,5214,8392,6882
691,MLT1M,LTR,ERVL-MaLR,267,236,451,334
692,L1MC4,LINE,L1,7846,8354,14230,11588
693,HERV9-int,LTR,ERV1,120,169,159,163
694,X8_LINE,LINE,CR1,52,76,119,44
695,L2b,LINE,L2,31716,30332,45431,37759
696,L1MB7,LINE,L1,10789,9677,16610,12651
697,LTR81C,LTR,Gypsy,28,28,50,12
698,LTR38-int,LTR,ERV1,23,56,44,0
699,Helitron1Nb_Mam,RC,Helitron,20,8,62,16
700,LTR5A,LTR,ERVK,162,158,301,143
701,LTR5B,LTR,ERVK,235,176,373,228
702,LTR81B,LTR,Gypsy,20,75,71,107
703,BC200,scRNA,scRNA,67,5,189,120
704,L4_C_Mam,LINE,RTE-X,1052,806,1318,1107
705,LTR81A,LTR,Gypsy,75,104,135,94
706,LTR28B,LTR,ERV1,52,71,64,72
707,LTR28C,LTR,ERV1,168,47,83,112
708,LTR104_Mam,LTR,Gypsy,284,376,186,212
709,Tigger17,DNA,TcMar-Tigger,24,4,24,12
710,Tigger10,DNA,TcMar-Tigger,610,629,1151,1242
711,MLT1F2-int,LTR,ERVL-MaLR,91,31,48,51
712,Tigger12,DNA,TcMar-Tigger,343,252,346,470
713,MER4E,LTR,ERV1,180,183,332,279
714,MER4D,LTR,ERV1,167,189,418,310
715,tRNA-Ser-TCA_,tRNA,tRNA,0,0,0,8
716,MER4A,LTR,ERV1,298,279,753,385
717,MLT1E,LTR,ERVL-MaLR,124,103,122,88
718,MER4C,LTR,ERV1,72,39,112,72
719,MER4B,LTR,ERV1,807,671,1181,925
720,MSTA-int,LTR,ERVL-MaLR,984,1084,1507,1173
721,MLT1J2-int,LTR,ERVL-MaLR,92,72,44,26
722,MLT1D-int,LTR,ERVL-MaLR,915,890,1893,1910
723,HERV-Fc1_LTR1,LTR,ERV1,0,0,0,0
724,HERV-Fc1_LTR2,LTR,ERV1,0,0,0,0
725,HERV-Fc1_LTR3,LTR,ERV1,0,0,0,0
726,LTR50,LTR,ERVL,621,474,873,687
727,MER6,DNA,TcMar-Tigger,170,274,316,375
728,LTR80A,LTR,ERVL,75,4,56,8
729,LTR80B,LTR,ERVL,36,39,52,36
730,HAL1,LINE,L1,5107,5162,10806,8336
731,Chompy-7_Croc,DNA,PIF-Harbinger,0,0,0,0
732,HERV9NC-int,LTR,ERV1,70,102,147,185
733,MLT2D,LTR,ERVL,626,650,908,767
734,MLT2E,LTR,ERVL,30,5,100,20
735,GSAT,Satellite,centr,0,0,0,0
736,MER34A,LTR,ERV1,246,228,163,162
737,HUERS-P1-int,LTR,ERV1,129,139,176,154
738,MER34C,LTR,ERV1,4,8,4,16
739,MER34B,LTR,ERV1,272,166,388,174
740,Ricksha_0,DNA,MULE-MuDR,49,66,206,102
741,ORSL-2b,DNA,hAT-Tip100,114,115,188,139
742,DNA1_Mam,DNA,TcMar,8,8,24,83
743,PrimLTR79,LTR,ERV1,48,64,72,64
744,LTR57-int,LTR,ERVL,56,44,90,40
745,LTR8B,LTR,ERV1,228,204,447,566
746,LTR8A,LTR,ERV1,313,477,880,683
747,Tigger12A,DNA,TcMar-Tigger,212,248,470,305
748,L1ME4a,LINE,L1,7762,7493,12121,8409
749,UCON9,Unknown,Unknown,8,4,0,0
750,L1ME4c,LINE,L1,2163,2073,3709,3062
751,L1ME4b,LINE,L1,7586,7456,11755,8852
752,LTR89,LTR,ERVL?,146,117,278,253
753,LTR14A,LTR,ERVK,19,10,16,0
754,LTR87,LTR,ERVL?,249,258,408,444
755,UCON1,Unknown,Unknown,20,12,0,4
756,UCON2,DNA?,DNA?,71,64,20,66
757,ORSL-2a,DNA,hAT-Tip100,113,105,147,118
758,LTR83,LTR,ERVL,76,68,172,72
759,UCON5,Unknown,Unknown,20,0,4,0
760,LTR81,LTR,Gypsy,4,0,12,12
761,UCON7,DNA?,DNA?,0,0,0,0
762,MER121B,DNA,hAT?,0,0,0,0
763,MER65D,LTR,ERV1,56,34,69,24
764,MER124,DNA?,DNA?,337,406,398,280
765,MER57-int,LTR,ERV1,149,219,287,466
766,UCON93,Unknown,Unknown,0,0,0,0
767,Charlie17a,DNA,hAT-Charlie,109,127,250,288
768,Charlie17b,DNA,hAT-Charlie,79,48,72,92
769,HUERS-P3-int,LTR,ERV1,599,493,2107,1387
770,MER34-int,LTR,ERV1,613,455,1721,865
771,UCON79,DNA?,DNA?,0,0,0,0
772,UCON61,Unknown,Unknown,0,0,0,0
773,Eulor8,DNA,TcMar?,0,8,0,4
774,UCON70,Unknown,Unknown,32,12,99,64
775,Eulor4,Unknown,Unknown,0,0,0,0
776,7SK,RNA,RNA,122895,101386,89659,65122
777,UCON73,Unknown,Unknown,12,20,135,120
778,L1P,LINE,L1,2,2,3,12
779,UCON75,Unknown,Unknown,0,0,0,0
780,Eulor3,DNA?,DNA?,0,0,0,0
781,UCON77,Unknown,Unknown,0,0,0,0
782,LTR25-int,LTR,ERV1,488,438,938,739
783,L1M,LINE,L1,56,58,203,104
784,Zaphod,DNA,hAT-Tip100,121,46,265,136
785,Tigger18a,DNA,TcMar-Tigger,331,240,586,467
786,tRNA-Arg-CGY_,tRNA,tRNA,4,0,0,0
787,Tigger3,DNA,TcMar-Tigger,221,160,449,428
788,MLT1I-int,LTR,ERVL-MaLR,143,56,141,26
789,MER4B-int,LTR,ERV1,181,179,304,156
790,LTR106_Mam,LTR,LTR,32,53,72,40
791,X6B_LINE,LINE,CR1,311,174,472,389
792,MLT1A-int,LTR,ERVL-MaLR,299,178,398,293
793,tRNA-Ile-ATC,tRNA,tRNA,0,0,3,0
794,Eulor11,DNA,DNA,32,31,20,0
795,Eulor10,DNA?,DNA?,0,0,0,0
796,Eulor12,DNA?,DNA?,0,0,0,0
797,MamGypLTR1c,LTR,Gypsy,136,116,132,88
798,LTR48B,LTR,ERV1,1314,759,881,815
799,Tigger4,DNA,TcMar-Tigger,459,419,696,635
800,tRNA-Ile-ATT,tRNA,tRNA,36,8,56,28
801,AluYe5,SINE,Alu,73,63,125,211
802,AluYe6,SINE,Alu,19,16,71,28
803,LTR13,LTR,ERVK,829,1235,1112,732
804,LTR14,LTR,ERVK,35,28,57,10
805,LTR15,LTR,ERV1,163,94,336,208
806,LTR16,LTR,ERVL,268,199,386,289
807,LTR17,LTR,ERV1,241,281,331,288
808,tRNA-Leu-CTA_,tRNA,tRNA,0,0,0,0
809,MER5A1,DNA,hAT-Charlie,2031,1850,2827,2450
810,LTR78B,LTR,ERV1,207,176,427,316
811,MER97d,DNA,hAT-Tip100,24,28,134,64
812,MLT1I,LTR,ERVL-MaLR,1274,1391,2077,1512
813,MER9B,LTR,ERVK,0,12,0,8
814,LTR51,LTR,ERV1,96,27,80,84
815,X7C_LINE,LINE,CR1,104,63,127,136
816,Merlin1_HS,DNA,Merlin,20,16,44,12
817,LTR40A1,LTR,ERVL,95,110,202,68
818,LTR41C,LTR,ERVL,146,111,244,159
819,LTR41B,LTR,ERVL,407,247,1026,570
820,Kanga2_a,DNA,TcMar-Tc2,471,506,953,671
821,LTR29,LTR,ERV1,119,169,192,131
822,LTR14C,LTR,ERVK,18,8,3,0
823,LTR14B,LTR,ERVK,125,59,116,56
824,LTR22B2,LTR,ERVK,0,0,24,0
825,MER101B,LTR,ERV1,16,15,52,28
826,MSTB1,LTR,ERVL-MaLR,847,592,1058,630
827,LTR103b_Mam,LTR,ERV1?,4,27,64,40
828,AluYk11,SINE,Alu,88,34,185,107
829,AluYk12,SINE,Alu,15,21,30,34
830,LTR33B,LTR,ERVL,178,87,293,240
831,HERVE_a-int,LTR,ERV1,34,61,88,62
832,LTR33A,LTR,ERVL,218,303,262,217
833,U14,snRNA,snRNA,0,36,64,100
834,LTR105_Mam,LTR,ERVL,48,36,60,104
835,Tigger19b,DNA,TcMar-Tigger,1307,824,2070,1584
836,Helitron3Na_Mam,RC,Helitron,204,161,259,257
837,L1PA2,LINE,L1,587,444,758,725
838,L1PA5,LINE,L1,1649,1798,2844,2526
839,L1PA4,LINE,L1,1389,1191,2029,1651
840,L1PA7,LINE,L1,3482,3699,5793,5288
841,L1PA6,LINE,L1,14685,12336,20564,18541
842,L1PA8,LINE,L1,1593,1195,2376,1804
843,MER90,LTR,ERV1,234,144,185,134
844,L1P4c,LINE,L1,0,0,0,0
845,MER94,DNA,hAT-Blackjack,690,560,1264,1137
846,MER11A,LTR,ERVK,272,164,393,340
847,LTR65,LTR,ERV1,134,203,246,178
848,LTR64,LTR,ERV1,92,56,116,90
849,LTR1B,LTR,ERV1,226,139,844,352
850,LTR1C,LTR,ERV1,0,24,12,8
851,LTR1D,LTR,ERV1,68,59,71,121
852,LTR1E,LTR,ERV1,60,16,40,28
853,LTR1F,LTR,ERV1,8,4,57,0
854,LTR62,LTR,ERVL,32,10,100,104
855,MER41B,LTR,ERV1,397,331,571,413
856,MER5B,DNA,hAT-Charlie,3954,3477,6457,5646
857,MER67A,LTR,ERV1,100,60,248,113
858,hAT-N1_Mam,DNA,hAT-Tip100?,159,100,180,102
859,LTR69,LTR,ERVL,0,28,19,16
860,LTR68,LTR,ERV1,52,36,99,10
861,MER5C,DNA,hAT-Charlie,279,179,363,504
862,tRNA-His-CAY,tRNA,tRNA,0,0,0,0
863,AluSg,SINE,Alu,3280,2682,7241,5221
864,MER54B,LTR,ERVL,76,16,88,12
865,MER70A,LTR,ERVL,36,32,76,64
866,Tigger17c,DNA,TcMar-Tigger,311,314,378,518
867,LTR10F,LTR,ERV1,84,39,158,64
868,LTR24B,LTR,ERV1,232,154,210,189
869,Eulor7,DNA?,DNA?,0,0,0,0
870,MER97c,DNA,hAT-Tip100,20,0,32,28
871,L1MD3,LINE,L1,1364,985,2352,1648
872,L1MD2,LINE,L1,3029,2384,4612,3764
873,L1MD1,LINE,L1,1721,1390,2521,2357
874,HERV17-int,LTR,ERV1,496,357,686,385
875,LTR1C1,LTR,ERV1,0,6,29,4
876,LTR1C3,LTR,ERV1,8,24,0,8
877,Eulor1,DNA,DNA,0,0,0,36
878,MER70B,LTR,ERVL,20,12,56,24
879,tRNA-Gly-GGY,tRNA,tRNA,0,0,8,2
880,LTR84a,LTR,ERVL,52,122,179,72
881,LTR84b,LTR,ERVL,152,161,235,190
882,UCON6,Unknown,Unknown,235,223,212,180
883,tRNA-Gly-GGG,tRNA,tRNA,0,8,0,0
884,MLT1G1-int,LTR,ERVL-MaLR,27,24,52,36
885,MER77B,LTR,ERVL,368,335,617,494
886,MER132,DNA,TcMar-Pogo,0,0,0,0
887,Tigger17b,DNA,TcMar-Tigger,28,0,40,36
888,L1ME3A,LINE,L1,3893,3813,6380,5040
889,L1ME3B,LINE,L1,2696,2081,4320,3493
890,L1ME3C,LINE,L1,858,648,722,744
891,L1ME3D,LINE,L1,1234,1402,2226,1655
892,L1MEf,LINE,L1,2579,2254,6184,4140
893,L1ME3F,LINE,L1,2645,2413,3111,2676
894,L1ME3G,LINE,L1,5355,4866,6572,5337
895,Tigger1a_Art,DNA,TcMar-Tigger,28,41,36,72
896,MER57F,LTR,ERV1,75,98,68,33
897,MER57D,LTR,ERV1,68,79,64,67
898,MER47C,DNA,TcMar-Tigger,181,126,292,241
899,MER47B,DNA,TcMar-Tigger,137,88,228,220
900,MER47A,DNA,TcMar-Tigger,881,798,1588,1313
901,SVA_D,Retroposon,SVA,123,182,369,282
902,SVA_E,Retroposon,SVA,81,53,144,97
903,D20S16,Satellite,Satellite,0,3,28,0
904,MER30B,DNA,hAT-Charlie,85,44,30,45
905,SVA_A,Retroposon,SVA,194,288,361,386
906,SVA_B,Retroposon,SVA,99,131,217,149
907,FAM,SINE,Alu,600,759,1331,1021
908,MER89-int,LTR,ERV1,68,79,117,45
909,MER90a,LTR,ERV1,259,249,474,356
910,MER97a,DNA,hAT-Tip100,0,8,8,24
911,tRNA-Thr-ACY_,tRNA,tRNA,0,4,0,0
912,MLT1F-int,LTR,ERVL-MaLR,151,127,177,203
913,MER34C_,LTR,ERV1,48,95,69,43
914,Tigger14a,DNA,TcMar-Tigger,311,193,386,496
915,MSTD-int,LTR,ERVL-MaLR,148,99,270,277
916,Charlie22a,DNA,hAT-Charlie,182,183,443,330
917,L1MC4a,LINE,L1,3787,3210,5082,4984
918,Helitron2Na_Mam,RC?,Helitron?,185,57,409,227
919,Ricksha_a,DNA,MULE-MuDR,0,12,24,56
920,LFSINE_Vert,SINE,tRNA,857,469,1469,1221
921,L1MDb,LINE,L1,184,227,557,411
922,L1MDa,LINE,L1,1587,1429,2277,1607
923,UCON38,Unknown,Unknown,3,20,36,8
924,7SLRNA,srpRNA,srpRNA,98740,66480,88690,56540
925,MER6B,DNA,TcMar-Tigger,140,81,207,151
926,LOR1-int,LTR,ERV1,568,461,890,874
927,LTR72,LTR,ERV1,59,4,16,104
928,UCON37,Unknown,Unknown,12,0,12,0
929,HERVP71A-int,LTR,ERV1,127,147,77,137
930,L1P3b,LINE,L1,12,4,5,1
931,LTR73,LTR,ERV1,30,76,104,89
932,HERV35I-int,LTR,ERV1,187,44,112,108
933,MER68,LTR,ERVL,598,677,1194,802
934,LTR108d_Mam,LTR,ERVL,16,8,0,0
935,MamGypsy2-I,LTR,Gypsy,234,214,316,96
936,tRNA-Tyr-TAT,tRNA,tRNA,0,0,0,0
937,MER110-int,LTR,ERV1,64,24,51,77
938,Tigger2a,DNA,TcMar-Tigger,606,800,1046,1111
939,MLT1C-int,LTR,ERVL-MaLR,180,120,226,378
940,HY1,scRNA,scRNA,101,125,289,354
941,HY3,scRNA,scRNA,185,191,318,241
942,HY4,scRNA,scRNA,72,135,163,32
943,HY5,scRNA,scRNA,40,44,4,32
944,MamRep605,LTR?,LTR?,773,883,1801,1290
945,tRNA-Thr-ACY,tRNA,tRNA,0,0,0,0
946,MER87,LTR,ERV1,32,28,16,24
947,MER89,LTR,ERV1,119,235,181,144
948,HUERS-P3b-int,LTR,ERV1,404,385,440,505
949,MER133B,DNA?,DNA?,0,4,0,0
950,HERV9N-int,LTR,ERV1,45,76,171,150
951,MER133A,DNA?,DNA?,0,0,0,4
952,Eulor5A,DNA?,DNA?,0,4,31,24
953,5S,rRNA,rRNA,865,715,1256,1540
954,Eulor5B,DNA?,DNA?,0,0,0,0
955,LTR19B,LTR,ERV1,34,38,114,68
956,LTR19C,LTR,ERV1,15,66,96,63
957,LTR19A,LTR,ERV1,294,196,658,464
958,MLT1J2,LTR,ERVL-MaLR,762,624,1115,1033
959,MamRep564,Unknown,Unknown,178,167,463,196
960,UCON28c,Unknown,Unknown,12,0,0,28
961,MLT1J1,LTR,ERVL-MaLR,455,311,731,648
962,UCON34,Unknown,Unknown,308,130,179,88
963,LTR2C,LTR,ERV1,37,104,88,65
964,LTR2B,LTR,ERV1,72,46,153,70
965,HAL1M8,LINE,L1,713,590,1343,1033
966,AluYi6,SINE,Alu,53,19,63,39
967,MSR1,Satellite,Satellite,71,128,168,75
968,Tigger8,DNA,TcMar-Tigger,337,172,208,343
969,LTR49-int,LTR,ERV1,508,402,696,552
970,MER31-int,LTR,ERV1,211,89,391,203
971,Tigger1,DNA,TcMar-Tigger,6934,6197,12067,9278
972,tRNA-Ala-GCY_,tRNA,tRNA,0,0,0,0
973,Kanga1d,DNA,TcMar-Tc2,113,63,79,119
974,Tigger2,DNA,TcMar-Tigger,1157,1065,1934,1746
975,Kanga1b,DNA,TcMar-Tc2,52,51,64,64
976,Kanga1c,DNA,TcMar-Tc2,113,173,130,93
977,Tigger7,DNA,TcMar-Tigger,1226,1147,1870,1413
978,Kanga1a,DNA,TcMar-Tc2,204,126,207,246
979,L1M3b,LINE,L1,76,68,136,79
980,UCON71,Unknown,Unknown,12,0,0,0
981,LTR10A,LTR,ERV1,92,52,254,208
982,tRNA-Asp-GAY,tRNA,tRNA,0,0,8,0
983,LTR10C,LTR,ERV1,166,145,213,194
984,LTR10B,LTR,ERV1,12,4,4,0
985,LTR10E,LTR,ERV1,116,42,41,74
986,LTR10D,LTR,ERV1,25,71,115,72
987,LTR10G,LTR,ERV1,16,16,36,24
988,AluY,SINE,Alu,6983,5320,11627,8860
989,SATR2,Satellite,Satellite,122,115,158,106
990,LTR16D1,LTR,ERVL,84,67,140,70
991,LTR16D2,LTR,ERVL,40,11,63,88
992,L1M3a,LINE,L1,131,84,365,153
993,MER57B1,LTR,ERV1,88,48,172,190
994,UCON85,Unknown,Unknown,8,8,4,0
995,L2-1_AMi,LINE,L2,355,216,452,490
996,MER57B2,LTR,ERV1,106,108,261,167
997,MamSINE1,SINE,tRNA-RTE,2915,2651,4513,3564
998,UCON11,DNA,TcMar-Tigger,16,0,0,0
999,Tigger3a,DNA,TcMar-Tigger,1355,1467,2143,1719
1000,HERVL40-int,LTR,ERVL,314,292,444,492
1001,MER53,DNA,hAT,456,439,807,713
1002,MER50,LTR,ERV1,217,191,251,276
1003,MER52-int,LTR,ERV1,10,16,38,44
1004,UCON76,Unknown,Unknown,0,0,0,0
1005,Penelope1_Vert,LINE,Penelope,419,291,482,406
1006,MER87B,LTR,ERV1,16,36,88,112
1007,MamRep434,DNA,TcMar-Tigger,639,499,807,646
1008,HERVFH19-int,LTR,ERV1,23,11,32,46
1009,L2-3_Crp,LINE,L2,387,410,720,752
1010,HERVK14C-int,LTR,ERVK,4,0,8,6
1011,HAL1ME,LINE,L1,1542,1561,2202,1664
1012,LTR28,LTR,ERV1,36,48,20,28
1013,MLT1A1-int,LTR,ERVL-MaLR,166,190,287,194
1014,FLAM_C,SINE,Alu,2665,2224,4993,3587
1015,LTR81AB,LTR,Gypsy,0,16,8,0
1016,FLAM_A,SINE,Alu,1959,1618,2944,2292
1017,L1M6B,LINE,L1,297,122,235,209
1018,MER121,DNA,hAT?,68,112,75,20
1019,LTR37B,LTR,ERV1,159,218,317,292
1020,LTR23,LTR,ERV1,131,31,149,138
1021,LTR22,LTR,ERVK,22,18,44,43
1022,LTR25,LTR,ERV1,20,28,60,56
1023,LTR12,LTR,ERV1,129,139,180,169
1024,LTR27,LTR,ERV1,33,8,36,20
1025,LTR26,LTR,ERV1,108,126,136,96
1026,LTR7A,LTR,ERV1,3,5,9,3
1027,tRNA-Thr-ACG_,tRNA,tRNA,0,0,0,0
1028,LTR6A,LTR,ERV1,153,80,264,156
1029,LTR37A,LTR,ERV1,140,153,176,226
1030,L1ME3Cz,LINE,L1,2579,2119,4399,3603
1031,MER92D,LTR,ERV1,44,71,0,74
1032,MER4E1,LTR,ERV1,226,110,334,317
1033,MLT1O,LTR,ERVL-MaLR,664,544,1002,786
1034,U8,snRNA,snRNA,0,0,0,0
1035,U5,snRNA,snRNA,39,44,47,52
1036,MER125,DNA,DNA,0,0,4,0
1037,U7,snRNA,snRNA,64,68,36,46
1038,HAL1b,LINE,L1,845,711,1385,1130
1039,U1,snRNA,snRNA,176,140,422,278
1040,U3,snRNA,snRNA,4080,6034,7090,8282
1041,LTR24,LTR,ERV1,206,68,147,187
1042,MLT2B1,LTR,ERVL,311,257,690,381
1043,MER1A,DNA,hAT-Charlie,853,575,1487,1437
1044,MER57A1,LTR,ERV1,166,156,213,209
1045,MER127,DNA,TcMar-Tigger,12,28,64,44
1046,MLT1A0-int,LTR,ERVL-MaLR,127,207,172,218
1047,LTR86A1,LTR,ERVL,105,68,228,124
1048,LTR86A2,LTR,ERVL,32,36,76,16
1049,MER126,DNA,DNA,28,12,18,66
1050,tRNA-Arg-CGA_,tRNA,tRNA,0,0,0,0
1051,MER9a1,LTR,ERVK,76,62,105,52
1052,Charlie16a,DNA,hAT-Charlie,544,449,810,632
1053,MER9a3,LTR,ERVK,183,170,169,255
1054,MER63A,DNA,hAT-Blackjack,423,296,688,627
1055,MER63C,DNA,hAT-Blackjack,114,165,136,130
1056,MER51C,LTR,ERV1,64,19,32,46
1057,MER63D,DNA,hAT-Blackjack,247,223,395,393
1058,MLT2C1,LTR,ERVL,272,376,467,282
1059,UCON97,DNA,DNA,0,0,0,0
1060,MLT2B5,LTR,ERVL,44,12,4,40
1061,MLT-int,LTR,ERVL-MaLR,70,71,104,151
1062,MLT2B4,LTR,ERVL,414,338,624,617
1063,AluSq4,SINE,Alu,321,224,549,343
1064,AluSq2,SINE,Alu,5839,4640,10246,7734
1065,MLT1F1-int,LTR,ERVL-MaLR,28,8,96,116
1066,MER94B,DNA,hAT-Blackjack,63,83,68,32
1067,Tigger20a,DNA,TcMar-Tigger,234,199,466,399
1068,U2,snRNA,snRNA,418,517,859,644
1069,Charlie7a,DNA,hAT-Charlie,407,279,392,353
1070,MER45A,DNA,hAT-Tip100,442,275,637,453
1071,UCON15,Unknown,Unknown,0,0,3,0
1072,MLT1E1A-int,LTR,ERVL-MaLR,80,24,35,52
1073,MERX,DNA,TcMar-Tigger,67,64,116,112
1074,HERVIP10B3-int,LTR,ERV1,612,353,810,737
1075,MER34C2,LTR,ERV1,228,155,181,179
1076,Charlie26a,DNA,hAT-Charlie,152,69,199,155
1077,Cheshire,DNA,hAT-Charlie,338,461,713,454
1078,L1ME2,LINE,L1,3451,3262,5348,4816
1079,MER75B,DNA,PiggyBac,0,0,0,1
1080,Charlie30a,DNA,hAT-Charlie,281,289,611,505
1081,LTR7Y,LTR,ERV1,96,133,184,187
1082,MSTD,LTR,ERVL-MaLR,1008,886,2031,1347
1083,LTR1F2,LTR,ERV1,92,20,160,48
1084,LTR1F1,LTR,ERV1,16,4,53,52
1085,tRNA-Val-GTG,tRNA,tRNA,0,0,0,0
1086,HERVK9-int,LTR,ERVK,319,364,562,504
1087,tRNA-Ser-AGY,tRNA,tRNA,0,0,0,0
1088,HERVIP10F-int,LTR,ERV1,98,190,383,311
1089,HERV3-int,LTR,ERV1,475,538,218,314
1090,U17,snRNA,snRNA,2749,2952,3055,3549
1091,MER92A,LTR,ERV1,12,12,0,0
1092,UCON100,DNA?,DNA?,8,0,0,0
1093,MER70-int,LTR,ERVL,20,64,127,73
1094,CR1-11_Crp,LINE,CR1,8,0,16,0
1095,UCON74,DNA?,DNA?,60,16,128,83
1096,AluJb,SINE,Alu,15614,12775,27988,21728
1097,AluSc5,SINE,Alu,480,438,778,825
1098,SATR1,Satellite,Satellite,21,8,15,86
1099,AluSc8,SINE,Alu,2144,1841,3915,2911
1100,L1PA10,LINE,L1,1730,1550,2800,2314
1101,L1PA13,LINE,L1,1876,1817,2720,2616
1102,L1PA12,LINE,L1,689,852,1080,811
1103,AluJo,SINE,Alu,8603,7511,17919,13461
1104,L1PA14,LINE,L1,688,932,1137,1120
1105,AluYh3a3,SINE,Alu,47,44,112,136
1106,L1PA16,LINE,L1,2992,2462,4155,3755
1107,HERVFH21-int,LTR,ERV1,27,2,5,44
1108,L1MC,LINE,L1,1097,812,1777,1392
1109,UCON65,Unknown,Unknown,0,0,0,0
1110,UCON64,Unknown,Unknown,0,0,0,0
1111,UCON63,Unknown,Unknown,0,0,0,0
1112,LTR43,LTR,ERV1,27,20,70,52
1113,L1MD,LINE,L1,1880,1715,3232,2307
1114,MLT1J,LTR,ERVL-MaLR,2448,2201,4466,3594
1115,MLT1N2,LTR,ERVL-MaLR,408,565,679,561
1116,UCON28a,Unknown,Unknown,12,4,56,4
1117,UCON28b,Unknown,Unknown,0,7,8,0
1118,LSU-rRNA_Hsa,rRNA,rRNA,5004,4682,17059,13863
1119,MLT1H2-int,LTR,ERVL-MaLR,70,20,88,75
1120,HERVL18-int,LTR,ERVL,645,558,354,395
1121,tRNA-Phe-TTY,tRNA,tRNA,0,4,8,0
1122,tRNA-Thr-ACA,tRNA,tRNA,0,0,0,0
1123,MSTB2-int,LTR,ERVL-MaLR,17,9,13,12
1124,MamRep137,DNA,TcMar-Tigger,1031,794,1207,1035
1125,MER66B,LTR,ERV1,343,339,578,600
1126,MER83,LTR,ERV1,80,76,204,118
1127,MER91A,DNA,hAT-Tip100,449,350,608,458
1128,MIR1_Amn,SINE,MIR,2253,1929,3898,2940
1129,MER45R,DNA,hAT-Tip100,18,20,51,13
1130,MER4D0,LTR,ERV1,152,136,168,151
1131,BLACKJACK,DNA,hAT-Blackjack,196,120,548,367
1132,MLT1A1,LTR,ERVL-MaLR,969,795,1820,1395
1133,MLT1A0,LTR,ERVL-MaLR,3082,2541,5199,3992
1134,L2-3_AMi,LINE,L2,0,0,0,0
1135,HERVL-int,LTR,ERVL,871,976,1488,1371
1136,MER91C,DNA,hAT-Tip100,194,229,253,229
1137,L1MA5,LINE,L1,1053,881,1890,1375
1138,MLT1N2-int,LTR,ERVL-MaLR,8,0,28,12
1139,U6,snRNA,snRNA,324,230,391,468
1140,X7B_LINE,LINE,CR1,173,111,222,71
1141,L1M2a,LINE,L1,477,591,755,910
1142,MamRep1879,DNA,hAT-Tip100?,130,248,212,235
1143,L1M2c,LINE,L1,140,218,249,295
1144,L1M2b,LINE,L1,51,44,76,76
1145,CR1-8_Crp,LINE,CR1,8,0,0,0
1146,LTR22A,LTR,ERVK,12,34,4,28
1147,HERV-Fc1-int,LTR,ERV1,13,1,24,2
1148,AluSz6,SINE,Alu,5519,4325,10563,7225
1149,L1PA8A,LINE,L1,767,795,1052,1082
1150,MER68B,LTR,ERVL,116,135,207,204
1151,MER68C,LTR,ERVL,4,16,32,63
1152,MER83C,LTR,ERV1,16,8,5,16
1153,MER50C,LTR,ERV1,12,15,36,100
1154,AluYd8,SINE,Alu,12,8,74,13
1155,MER52A,LTR,ERV1,388,452,638,676
1156,tRNA-Trp-TGG,tRNA,tRNA,0,0,4,0
1157,MER52C,LTR,ERV1,27,28,90,118
1158,L1M2,LINE,L1,1563,1693,3301,2632
1159,L1M3,LINE,L1,824,846,1554,1131
1160,L2c,LINE,L2,37718,35488,66945,54891
1161,L1M1,LINE,L1,1822,1850,2916,2801
1162,L1M6,LINE,L1,710,568,991,1032
1163,L1M7,LINE,L1,526,507,830,788
1164,L1M4,LINE,L1,4980,4758,7638,6311
1165,L1M5,LINE,L1,8774,7938,14381,11640
1166,MLT1G,LTR,ERVL-MaLR,477,324,573,497
1167,MLT1F,LTR,ERVL-MaLR,821,744,1597,1463
1168,L1M8,LINE,L1,435,360,514,501
1169,MLT1D,LTR,ERVL-MaLR,3715,3148,6305,4945
1170,MLT1C,LTR,ERVL-MaLR,3332,3590,6271,4899
1171,MLT1B,LTR,ERVL-MaLR,10485,8765,11143,7741
1172,MLT1A,LTR,ERVL-MaLR,1322,1084,2171,1829
1173,tRNA-Ser-TCA_m_,tRNA,tRNA,29,6,85,25
1174,MER4A1,LTR,ERV1,663,524,731,528
1175,UCON99,DNA,DNA,0,0,4,24
1176,Looper,DNA,PiggyBac,145,131,298,437
1177,UCON92,Unknown,Unknown,0,0,0,0
1178,MLT1B-int,LTR,ERVL-MaLR,179,199,337,283
1179,LTR9B,LTR,ERV1,147,222,343,280
1180,LTR9C,LTR,ERV1,12,6,0,52
1181,LTR9D,LTR,ERV1,120,80,259,158
1182,UCON22,Unknown,Unknown,0,12,4,0
1183,UCON94,Unknown,Unknown,0,0,20,0
1184,MADE1,DNA,TcMar-Mariner,341,454,615,452
1185,MADE2,DNA,TcMar-Mariner,447,652,599,495
1186,AluSp,SINE,Alu,5094,3734,10199,7041
1187,AluSq,SINE,Alu,2507,1947,5019,3458
1188,PABL_A-int,LTR,ERV1,81,126,282,193
1189,LTR33C,LTR,ERVL,126,65,94,121
1190,tRNA-Lys-AAG,tRNA,tRNA,15,5,4,60
1191,AluSx,SINE,Alu,12207,9858,26391,17972
1192,AluSz,SINE,Alu,10769,8239,21245,15005
1193,Ricksha_b,DNA,MULE-MuDR,28,36,98,32
1194,PABL_B,LTR,ERV1,117,56,101,72
1195,Charlie20a,DNA,hAT-Charlie,135,47,224,272
1196,L1MEh,LINE,L1,271,304,751,434
1197,L1MEi,LINE,L1,512,602,859,745
1198,L1MEj,LINE,L1,406,315,500,408
1199,AluSc,SINE,Alu,4499,3823,8177,5942
1200,L1MEd,LINE,L1,3004,2890,5161,4730
1201,tRNA-Gly-GGA,tRNA,tRNA,4,4,16,118
1202,Charlie23a,DNA,hAT-Charlie,247,239,192,312
1203,L1MEg,LINE,L1,2059,1857,3397,3136
1204,LTR7B,LTR,ERV1,176,201,290,231
1205,L1MEa,LINE,L1,105,67,56,43
1206,L1MEb,LINE,L1,196,186,431,392
1207,L1MEc,LINE,L1,3364,2922,5770,5339
1208,LTR76,LTR,ERV1,92,80,203,225
1209,LTR77,LTR,ERV1,0,12,8,0
1210,LTR101_Mam,LTR,ERVL,152,239,336,246
1211,LTR75,LTR,ERVL,101,62,199,104
1212,LTR47A,LTR,ERVL,112,66,284,159
1213,AluYc3,SINE,Alu,60,38,227,89
1214,LTR70,LTR,ERV1,131,108,184,194
1215,LTR47B,LTR,ERVL,0,0,28,24
1216,tRNA-Glu-GAG,tRNA,tRNA,0,20,0,0
1217,Tigger3d,DNA,TcMar-Tigger,262,70,367,282
1218,Tigger3c,DNA,TcMar-Tigger,426,424,911,466
1219,MLT1E1A,LTR,ERVL-MaLR,336,298,746,644
1220,LTR78,LTR,ERV1,564,397,730,769
1221,LTR79,LTR,ERVL,410,397,779,556
1222,tRNA-Tyr-TAC,tRNA,tRNA,4,8,0,35
1223,LTR67B,LTR,ERVL,541,465,956,630
1224,MSTA1-int,LTR,ERVL-MaLR,8,20,0,8
1225,MER113A,DNA,hAT-Charlie,345,352,606,524
1226,MER113B,DNA,hAT-Charlie,112,126,138,184
1227,tRNA-Glu-GAG_,tRNA,tRNA,96,384,113,90
1228,MamRep1527,LTR,LTR,143,51,124,80
1229,MER1B,DNA,hAT-Charlie,1753,1643,2766,1988
1230,LTR1B1,LTR,ERV1,0,16,8,0
1231,LTR1B0,LTR,ERV1,12,28,32,12
1232,LTR37-int,LTR,ERV1,340,256,375,257
1233,Harlequin-int,LTR,ERV1,356,306,395,489
1234,LTR88a,LTR,Gypsy?,64,16,123,44
1235,tRNA-Ala-GCG,tRNA,tRNA,4,0,16,0
1236,L1ME5,LINE,L1,638,446,853,707
1237,HERV16-int,LTR,ERVL,160,106,217,158
1238,L1ME1,LINE,L1,8933,8576,15187,12364
1239,CR1-L3B_Croc,LINE,CR1,0,16,0,0
1240,L1ME3,LINE,L1,2261,2062,4153,3453
1241,MSTC-int,LTR,ERVL-MaLR,36,60,96,62
1242,L1PBa1,LINE,L1,328,143,317,309
1243,LTR43-int,LTR,ERV1,22,44,66,15
1244,LTR7C,LTR,ERV1,115,93,280,307
1245,tRNA-Ala-GCY,tRNA,tRNA,0,0,0,12
1246,L1MA5A,LINE,L1,745,782,1322,852
1247,LTR5_Hs,LTR,ERVK,226,206,338,346
1248,MER5A,DNA,hAT-Charlie,5745,5394,11455,9582
1249,REP522,Satellite,telo,8,4,2,1
1250,AmnSINE1,SINE,5S-Deu-L2,1151,868,2213,1404
1251,X7D_LINE,LINE,CR1,0,0,0,0
1252,AmnSINE2,SINE,tRNA-Deu,217,83,287,163
1253,Tigger3b,DNA,TcMar-Tigger,1871,1438,3116,2328
1254,MSTB-int,LTR,ERVL-MaLR,314,337,492,482
1255,MLT1L-int,LTR,ERVL-MaLR,0,0,8,0
1256,L1PA3,LINE,L1,947,819,1464,1328
1257,MamRep1894,DNA,hAT,9,76,163,76
1258,UCON20,Unknown,Unknown,0,0,0,0
1259,MER57E2,LTR,ERV1,4,8,13,4
1260,MER99,DNA,hAT?,34,24,52,48
1261,UCON50,Unknown,Unknown,0,0,8,4
1262,CRP1,SINE?,tRNA,0,0,0,0
1263,UCON44,Unknown,Unknown,0,4,0,0
1264,MLT1O-int,LTR,ERVL-MaLR,0,0,0,0
1265,MLT1H,LTR,ERVL-MaLR,1513,1897,2681,1956
1266,UCON47,Unknown,Unknown,75,84,147,127
