,gene,class,family,S33,S34,S31,S32
0,MER11B,LTR,ERVK,19300,20181,12480,10013
1,MER44B,DNA,TcMar-Tigger,1384,881,1264,537
2,UCON80_AMi,Unknown,Unknown,124,24,126,213
3,MSTA1,LTR,ERVL-MaLR,137,144,86,138
4,MLT1E1-int,LTR,ERVL-MaLR,0,0,0,0
5,UCON27,Unknown,Unknown,4,8,8,16
6,MER96B,DNA,hAT-Tip100,359,330,455,319
7,MLT1E2-int,LTR,ERVL-MaLR,52,25,50,18
8,UCON29,DNA,PiggyBac?,33,0,107,27
9,Zaphod2,DNA,hAT-Tip100,141,88,252,94
10,MER41E,LTR,ERV1,116,64,100,62
11,MER41D,LTR,ERV1,44,36,128,44
12,MER41G,LTR,ERV1,28,28,4,19
13,MLT2B3,LTR,ERVL,907,783,913,304
14,LTR82B,LTR,ERVL,277,64,330,187
15,UCON26,Unknown,Unknown,59,60,136,12
16,MER41C,LTR,ERV1,116,132,130,36
17,CR1-L3A_Croc,LINE,CR1,68,64,64,18
18,L1M4a2,LINE,L1,479,415,515,384
19,L1M4a1,LINE,L1,728,382,940,405
20,UCON19,Unknown,Unknown,0,0,0,0
21,MER96,DNA,hAT-Tip100,135,123,107,59
22,MER20B,DNA,hAT-Charlie,1245,850,1454,720
23,LTR82A,LTR,ERVL,274,195,337,144
24,MLT1E3,LTR,ERVL-MaLR,377,248,402,265
25,LTR35A,LTR,ERV1,44,12,20,0
26,LTR35B,LTR,ERV1,12,28,44,20
27,MER95,LTR,ERV1,56,28,16,35
28,MER44A,DNA,TcMar-Tigger,1498,999,1864,1423
29,MSTB2,LTR,ERVL-MaLR,477,215,430,153
30,CER,Satellite,Satellite,54,88,98,27
31,AluYh7,SINE,Alu,5,4,6,7
32,Charlie15b,DNA,hAT-Charlie,666,588,723,316
33,LTR52-int,LTR,ERVL,60,80,24,0
34,Charlie15a,DNA,hAT-Charlie,1127,648,1257,826
35,LTR85c,LTR,Gypsy?,127,160,252,143
36,LTR85b,LTR,Gypsy?,198,103,121,87
37,LTR85a,LTR,Gypsy?,167,171,313,219
38,MER97b,DNA,hAT-Tip100,0,0,0,4
39,Tigger12c,DNA,TcMar-Tigger,274,159,441,115
40,AluYh9,SINE,Alu,5,12,5,17
41,LTR66,LTR,ERVL,87,12,117,27
42,LTR103_Mam,LTR,ERV1?,70,59,47,12
43,LTR61,LTR,ERV1,67,36,73,32
44,tRNA-Leu-TTA_m_,tRNA,tRNA,159,23,20,32
45,FordPrefect_a,DNA,hAT-Tip100,12,27,0,0
46,UCON67,Unknown,Unknown,0,12,0,15
47,LTR60,LTR,ERV1,12,12,0,1
48,tRNA-Leu-CTY,tRNA,tRNA,3,0,12,0
49,LTR60B,LTR,ERV1,8,11,8,0
50,UCON58,Unknown,Unknown,0,0,0,0
51,UCON59,Unknown,Unknown,0,0,0,14
52,UCON24,Unknown,Unknown,0,0,0,0
53,UCON57,Unknown,Unknown,0,0,0,0
54,UCON54,Unknown,Unknown,28,0,4,31
55,UCON55,DNA,TcMar-Tigger,92,76,151,68
56,UCON53,Unknown,Unknown,0,0,0,0
57,HERVKC4-int,LTR,ERVK,46,28,4,31
58,LSAU,Satellite,Satellite,0,0,0,0
59,Chap1_Mam,DNA,hAT-Charlie,503,266,489,268
60,LTR3,LTR,ERVK,309,232,280,118
61,X5B_LINE,LINE,CR1,15,18,50,14
62,AluSg7,SINE,Alu,1153,889,1294,1089
63,AluYi6_4d,SINE,Alu,23,33,27,19
64,LTR4,LTR,ERV1,109,69,68,59
65,LTR5,LTR,ERVK,44,18,45,32
66,LTR8,LTR,ERV1,1670,1061,1270,866
67,LTR9,LTR,ERV1,258,152,242,101
68,UCON66,Unknown,Unknown,0,0,12,0
69,ORSL,DNA,hAT-Tip100,169,114,298,205
70,X9_LINE,LINE,L1,785,571,494,248
71,MER57C2,LTR,ERV1,56,26,48,20
72,HERVH48-int,LTR,ERV1,155,169,92,20
73,MER57C1,LTR,ERV1,42,8,65,61
74,LTR13A,LTR,ERVK,268,172,212,81
75,hAT-16_Crp,DNA,hAT-Charlie,0,0,0,0
76,MSTB1-int,LTR,ERVL-MaLR,43,24,104,40
77,tRNA-Asn-AAT,tRNA,tRNA,0,0,0,0
78,L1PB3,LINE,L1,2322,1630,2091,1219
79,MER115,DNA,hAT-Tip100,585,775,675,270
80,Tigger13a,DNA,TcMar-Tigger,867,680,1169,458
81,MER117,DNA,hAT-Charlie,868,734,1092,641
82,MER110,LTR,ERV1,71,87,112,40
83,MER112,DNA,hAT-Charlie,1635,1110,1823,821
84,L1PB1,LINE,L1,4895,2803,5109,2382
85,MER74A,LTR,ERVL,686,461,457,156
86,HERVK11D-int,LTR,ERVK,18,0,0,12
87,LTR13_,LTR,ERVK,16,8,33,35
88,MER119,DNA,hAT-Charlie,300,429,360,256
89,MER5C1,DNA,hAT-Charlie,216,137,205,82
90,PABL_A,LTR,ERV1,138,120,167,95
91,LTR38,LTR,ERV1,24,4,0,4
92,ALR_Alpha,Satellite,centr,2392,2528,2237,1677
93,MamGypLTR3,LTR,Gypsy,94,24,56,28
94,MER65-int,LTR,ERV1,193,160,179,85
95,MLT1K,LTR,ERVL-MaLR,3748,2667,4061,2086
96,LTR32,LTR,ERVL,459,329,388,191
97,LTR33,LTR,ERVL,1466,1376,1331,731
98,L1MA10,LINE,L1,972,595,1155,718
99,LTR31,LTR,ERV1,64,55,16,8
100,AluYg6,SINE,Alu,112,36,51,52
101,LTR34,LTR,ERV1,60,26,84,30
102,LTR35,LTR,ERV1,32,20,29,28
103,MLT2B2,LTR,ERVL,373,220,168,219
104,HERVK13-int,LTR,ERVK,301,118,204,94
105,UCON25,Unknown,Unknown,0,0,16,0
106,Tigger17a,DNA,TcMar-Tigger,1230,1125,1258,706
107,L1P1,LINE,L1,804,491,910,410
108,L1P3,LINE,L1,1202,917,1374,683
109,L1P2,LINE,L1,1212,742,1214,462
110,L1P5,LINE,L1,42,32,31,29
111,L1P4,LINE,L1,735,465,850,558
112,LTR108b_Mam,LTR,ERVL,16,0,0,0
113,LTR21A,LTR,ERV1,3171,2526,2535,1772
114,tRNA-Arg-AGA,tRNA,tRNA,0,0,0,0
115,LTR21C,LTR,ERVL,0,0,0,0
116,LTR21B,LTR,ERV1,39,28,0,0
117,LTR86B1,LTR,ERVL,104,76,75,52
118,LTR86B2,LTR,ERVL,28,0,0,15
119,UCON103,Unknown,Unknown,0,0,0,0
120,UCON101,Unknown,Unknown,0,0,0,0
121,L1PB,LINE,L1,237,174,326,147
122,UCON107,DNA,hAT-Tag1,28,47,76,67
123,ERV3-16A3_LTR,LTR,ERVL,104,161,126,108
124,tRNA-Glu-GAA,tRNA,tRNA,65,10,9,6
125,LTR18A,LTR,ERVL,39,48,20,59
126,LTR18C,LTR,ERVL,0,8,0,0
127,LTR18B,LTR,ERVL,99,66,104,47
128,ERV24_Prim-int,LTR,ERV1,100,67,96,36
129,MER70C,LTR,ERVL,59,4,36,0
130,LTR3B,LTR,ERVK,27,13,5,0
131,LTR3A,LTR,ERVK,163,89,105,44
132,MSTA,LTR,ERVL-MaLR,3053,2658,3448,1732
133,MSTB,LTR,ERVL-MaLR,1726,1080,2243,1127
134,LTR59,LTR,ERV1,8,0,9,16
135,MER11D,LTR,ERVK,29,14,21,54
136,LTR108a_Mam,LTR,ERVL,12,20,12,12
137,GSATII,Satellite,centr,66,50,11,1
138,ERVL47-int,LTR,ERVL,24,36,12,24
139,MER11C,LTR,ERVK,292,236,311,152
140,MER83B,LTR,ERV1,37,30,57,25
141,LTR24C,LTR,ERV1,46,0,71,42
142,LTR54,LTR,ERV1,223,103,128,102
143,tRNA-Pro-CCY,tRNA,tRNA,4,0,8,0
144,MER129,LTR?,LTR?,40,20,0,4
145,MER6C,DNA,TcMar-Tigger,4,20,20,0
146,LTR16B,LTR,ERVL,170,100,175,93
147,MER6A,DNA,TcMar-Tigger,381,274,496,362
148,MER130,DNA,DNA,12,44,0,20
149,Tigger15a,DNA,TcMar-Tigger,1889,1092,2141,1265
150,Tigger2b_Pri,DNA,TcMar-Tigger,732,298,876,498
151,Kanga11a,DNA,TcMar-Tc2,192,141,156,145
152,MER131,DNA?,DNA?,358,256,676,441
153,THE1D,LTR,ERVL-MaLR,1702,1061,1933,1143
154,Ricksha_c,DNA,MULE-MuDR,253,199,354,200
155,FordPrefect,DNA,hAT-Tip100,183,159,181,126
156,Charlie10a,DNA,hAT-Charlie,91,64,136,136
157,L1M3c,LINE,L1,252,186,374,137
158,Charlie10b,DNA,hAT-Charlie,84,79,68,12
159,L1M3f,LINE,L1,295,176,202,111
160,L1M3d,LINE,L1,119,82,135,75
161,L1M3e,LINE,L1,391,185,480,206
162,LTR47B4,LTR,ERVL,16,72,36,8
163,MLT2C2,LTR,ERVL,192,84,153,85
164,MER92C,LTR,ERV1,0,16,8,4
165,MER92B,LTR,ERV1,320,262,410,302
166,CR1-13_AMi,LINE,CR1,0,0,12,0
167,MER134,DNA?,DNA?,8,0,20,0
168,LTR47B2,LTR,ERVL,38,43,29,2
169,LTR47B3,LTR,ERVL,4,0,16,20
170,LTR1A2,LTR,ERV1,298,249,345,125
171,MER51A,LTR,ERV1,572,312,623,462
172,MER51B,LTR,ERV1,123,55,92,44
173,LTR1A1,LTR,ERV1,92,12,67,50
174,MER51D,LTR,ERV1,72,18,8,7
175,MER51E,LTR,ERV1,56,31,64,4
176,Tigger5,DNA,TcMar-Tigger,233,106,259,144
177,HERV4_I-int,LTR,ERV1,156,112,113,87
178,LTR86C,LTR,ERVL,52,40,52,8
179,MER45C,DNA,hAT-Tip100,241,218,278,88
180,MER45B,DNA,hAT-Tip100,274,140,300,199
181,L3b,LINE,CR1,3153,2603,2964,1913
182,LTR108e_Mam,LTR,ERVL,14,0,32,0
183,MER75A,DNA,PiggyBac,16,20,16,0
184,MER83B-int,LTR,ERV1,76,59,16,63
185,Tigger11a,DNA,TcMar-Tigger,444,540,1005,602
186,Ricksha,DNA,MULE-MuDR,3,1,31,20
187,MER57A-int,LTR,ERV1,1441,1398,999,780
188,HERVL66-int,LTR,ERVL,184,59,45,51
189,L1MA1,LINE,L1,1244,787,2069,918
190,L1MA2,LINE,L1,3211,1634,3077,1380
191,L1MA3,LINE,L1,3897,2215,4692,1787
192,L1MA4,LINE,L1,3681,2546,4404,1595
193,AluYc,SINE,Alu,478,270,582,418
194,L1MA6,LINE,L1,1459,925,1843,853
195,L1MA7,LINE,L1,2109,1374,2786,1512
196,Charlie29a,DNA,hAT-Charlie,476,250,730,450
197,L1MA9,LINE,L1,3485,1968,4689,2294
198,MER4D1,LTR,ERV1,400,253,357,256
199,THE1C-int,LTR,ERVL-MaLR,864,625,831,235
200,UCON16,Unknown,Unknown,23,0,12,0
201,tRNA-Leu-TTG,tRNA,tRNA,24,0,0,0
202,tRNA-Gln-CAA,tRNA,tRNA,0,0,4,4
203,ERVL-int,LTR,ERVL,255,234,212,254
204,tRNA-Leu-TTA,tRNA,tRNA,0,0,0,0
205,tRNA-Gln-CAG,tRNA,tRNA,0,0,0,0
206,_GAATG_n,Satellite,Satellite,1,9,41,3
207,MLT1G-int,LTR,ERVL-MaLR,127,116,104,140
208,MER2B,DNA,TcMar-Tigger,891,631,809,615
209,UCON12,Unknown,Unknown,0,0,0,0
210,MER30,DNA,hAT-Charlie,1559,810,1433,1189
211,SSU-rRNA_Hsa,rRNA,rRNA,12682,14765,4113,2766
212,Charlie19a,DNA,hAT-Charlie,599,427,728,462
213,MLT1-int,LTR,ERVL-MaLR,15,15,50,24
214,UCON17,Unknown,Unknown,0,12,20,0
215,UCON14,DNA?,DNA?,0,0,0,24
216,MLT1E2,LTR,ERVL-MaLR,1466,1033,1037,531
217,MER21-int,LTR,ERVL,418,297,258,86
218,UCON18,Unknown,Unknown,0,0,0,0
219,MIR,SINE,MIR,45003,32001,47858,26075
220,_CATTC_n,Satellite,Satellite,10,1,20,4
221,MLT1E1,LTR,ERVL-MaLR,128,107,212,104
222,MER92-int,LTR,ERV1,185,155,204,89
223,tRNA-Asn-AAC,tRNA,tRNA,0,0,4,0
224,THE1A-int,LTR,ERVL-MaLR,1379,1240,2362,1071
225,tRNA-Val-GTA,tRNA,tRNA,0,0,0,0
226,LTR72B,LTR,ERV1,36,4,0,0
227,Charlie4z,DNA,hAT-Charlie,2065,1527,3203,1815
228,Tigger1a_Mars,DNA,TcMar-Tigger,0,4,0,4
229,MLT1F2,LTR,ERVL-MaLR,1656,1236,1234,880
230,Charlie4a,DNA,hAT-Charlie,1268,858,1566,954
231,MLT1F1,LTR,ERVL-MaLR,988,761,890,581
232,tRNA-Cys-TGY,tRNA,tRNA,23,16,23,0
233,tRNA-Gln-CAA_,tRNA,tRNA,0,12,6,24
234,ERVL-E-int,LTR,ERVL,2344,1708,1719,665
235,X2_LINE,LINE,CR1,0,11,4,16
236,X7A_LINE,LINE,CR1,191,116,303,126
237,UCON8,DNA,DNA,60,16,28,7
238,MER50-int,LTR,ERV1,169,62,209,50
239,LTR54B,LTR,ERV1,260,198,455,345
240,MamRep488,DNA,hAT-Tip100,62,76,132,35
241,MER84-int,LTR,ERV1,6,7,28,18
242,LTR102_Mam,LTR,ERVL,188,203,204,51
243,PABL_B-int,LTR,ERV1,332,190,286,317
244,MER41-int,LTR,ERV1,626,495,678,335
245,Eulor6C,DNA?,DNA?,0,0,0,0
246,L1MA4A,LINE,L1,3545,2064,3691,1592
247,HERVIP10FH-int,LTR,ERV1,418,171,307,162
248,tRNA-Met_,tRNA,tRNA,28,4,8,0
249,MER67D,LTR,ERV1,128,101,81,69
250,MLT1H1,LTR,ERVL-MaLR,722,659,622,261
251,AluYh3,SINE,Alu,331,272,353,90
252,AluYk4,SINE,Alu,151,247,178,162
253,AluYk2,SINE,Alu,126,124,103,114
254,AluYk3,SINE,Alu,130,120,77,145
255,LTR27B,LTR,ERV1,87,44,52,60
256,MER8,DNA,TcMar-Tigger,720,665,1100,513
257,tRNA-Leu-CTA,tRNA,tRNA,0,0,0,0
258,MSTC,LTR,ERVL-MaLR,1204,638,901,483
259,LTR2752,LTR,ERV1,103,80,176,32
260,UCON39,DNA,TcMar-Tigger,106,94,80,56
261,LTR39-int,LTR,ERV1,36,12,54,28
262,HSAT5,Satellite,Satellite,16,19,53,32
263,HSAT4,Satellite,centr,283,122,248,248
264,LTR22B1,LTR,ERVK,129,131,147,48
265,L1ME3E,LINE,L1,1798,974,1676,1095
266,UCON89,DNA,hAT?,12,4,8,16
267,LTR46-int,LTR,ERV1,392,469,155,71
268,tRNA-Thr-ACG,tRNA,tRNA,0,0,0,0
269,L1P4b,LINE,L1,1,7,0,4
270,Zaphod3,DNA,hAT-Tip100,218,88,160,28
271,L1PBa,LINE,L1,621,341,949,466
272,MamRTE1,LINE,RTE-BovB,5253,4438,8397,5573
273,UCON80,DNA,hAT?,16,0,11,4
274,UCON83,SINE?,SINE?,0,0,0,0
275,LTR16D,LTR,ERVL,248,91,80,36
276,LTR16C,LTR,ERVL,1358,1012,1051,619
277,L1PBb,LINE,L1,110,131,264,134
278,LTR16A,LTR,ERVL,604,453,485,264
279,UCON86,LINE,L2,20,0,48,24
280,LTR16B2,LTR,ERVL,156,208,266,36
281,SAR,Satellite,Satellite,0,0,2,0
282,MARNA,DNA,TcMar-Mariner,1885,1406,2202,1321
283,LTR16B1,LTR,ERVL,229,175,232,71
284,LTR9A1,LTR,ERV1,183,115,156,56
285,MER58D,DNA,hAT-Charlie,503,509,1098,633
286,MER58C,DNA,hAT-Charlie,860,745,1371,632
287,MER58B,DNA,hAT-Charlie,2691,1785,2693,1369
288,MER58A,DNA,hAT-Charlie,4286,3145,6854,3845
289,MamGypLTR2c,LTR,Gypsy,52,4,116,40
290,HSATI,Satellite,Satellite,0,24,0,0
291,Charlie3,DNA,hAT-Charlie,309,129,287,128
292,Charlie1,DNA,hAT-Charlie,996,811,1482,626
293,Charlie6,DNA,hAT-Charlie,97,72,224,133
294,Charlie7,DNA,hAT-Charlie,1019,678,1054,545
295,Charlie4,DNA,hAT-Charlie,40,136,17,10
296,Charlie5,DNA,hAT-Charlie,643,437,956,351
297,MER39B,LTR,ERV1,449,306,493,267
298,Charlie8,DNA,hAT-Charlie,1198,900,1577,774
299,L1MC5,LINE,L1,7160,4787,10114,5285
300,MER101-int,LTR,ERV1,561,312,703,563
301,HSMAR1,DNA,TcMar-Mariner,1086,947,888,548
302,LTR42,LTR,ERVL,220,187,115,134
303,LTR41,LTR,ERVL,633,657,762,538
304,HSMAR2,DNA,TcMar-Mariner,786,365,806,425
305,LTR46,LTR,ERV1,245,93,114,64
306,LTR45,LTR,ERV1,39,36,4,24
307,LTR44,LTR,ERV1,99,23,43,4
308,Tigger19a,DNA,TcMar-Tigger,1589,1069,1951,1118
309,LTR49,LTR,ERV1,226,205,250,203
310,LTR48,LTR,ERV1,300,186,208,158
311,AluYb9,SINE,Alu,38,41,170,94
312,AluYb8,SINE,Alu,202,189,346,237
313,LTR38C,LTR,ERV1,20,52,36,20
314,LTR38B,LTR,ERV1,80,16,40,12
315,tRNA-Leu-CTG,tRNA,tRNA,0,1,0,0
316,Tigger4a,DNA,TcMar-Tigger,1200,892,1983,872
317,LTR26B,LTR,ERV1,16,32,47,4
318,Alu,SINE,Alu,417,204,556,273
319,LTR26D,LTR,ERV1,20,8,40,3
320,LTR26E,LTR,ERV1,86,87,20,24
321,MER9a2,LTR,ERVK,127,18,113,49
322,HERV15-int,LTR,ERV1,12,28,116,13
323,L1MB8,LINE,L1,9348,5289,10770,5739
324,UCON69,DNA,hAT?,0,0,0,0
325,Charlie14a,DNA,hAT-Charlie,520,410,709,479
326,HERV-Fc2-int,LTR,ERV1,0,0,0,0
327,L1MB1,LINE,L1,1380,1021,1840,625
328,L1MB3,LINE,L1,8109,5244,9961,5035
329,L1MB2,LINE,L1,5500,3351,6736,3555
330,L1MB5,LINE,L1,4853,2589,5169,2985
331,L1MB4,LINE,L1,4509,2663,6344,3310
332,AluJr4,SINE,Alu,3531,2332,4263,2400
333,L1P4a,LINE,L1,192,40,187,65
334,UCON4,Unknown,Unknown,44,51,91,8
335,UCON71_Crp,Unknown,Unknown,91,39,161,153
336,MamRep4096,DNA,hAT-Tip100,243,153,229,100
337,MER135,DNA,DNA,138,136,152,130
338,THE1-int,LTR,ERVL-MaLR,36,128,69,65
339,HERVS71-int,LTR,ERV1,179,211,506,348
340,HSAT6,Satellite,Satellite,0,0,0,0
341,HERVK11-int,LTR,ERVK,301,186,119,83
342,ACRO1,Satellite,acro,2,8,14,0
343,LTR90A,LTR,LTR,112,44,19,42
344,UCON35,Unknown,Unknown,0,40,0,32
345,LTR90B,LTR,LTR,44,36,96,36
346,LTR27E,LTR,ERV1,84,68,52,40
347,MER65B,LTR,ERV1,9,40,29,32
348,MER65A,LTR,ERV1,154,56,260,194
349,UCON88,Unknown,Unknown,12,0,0,0
350,HERVK3-int,LTR,ERVK,744,699,733,255
351,L1ME2z,LINE,L1,3345,1971,3717,1817
352,L1PA11,LINE,L1,1962,1053,1898,947
353,OldhAT1,DNA,hAT-Ac,2370,2636,4593,2836
354,LTR91,LTR,ERVL,60,0,40,8
355,Charlie1a,DNA,hAT-Charlie,2946,1671,3289,1678
356,Charlie1b,DNA,hAT-Charlie,1059,693,1621,828
357,PRIMA41-int,LTR,ERV1,150,59,62,36
358,LTR26C,LTR,ERV1,57,39,68,29
359,LTR27D,LTR,ERV1,16,48,0,0
360,SST1,Satellite,centr,74,62,41,31
361,MER54A,LTR,ERVL,145,170,287,86
362,MER103C,DNA,hAT-Charlie,2871,2065,3144,1313
363,MER51-int,LTR,ERV1,164,108,324,124
364,MER67C,LTR,ERV1,292,203,249,85
365,L1PA15,LINE,L1,2834,2172,3646,1930
366,SVA_C,Retroposon,SVA,161,146,109,81
367,AluYm1,SINE,Alu,616,681,517,448
368,UCON81,DNA,hAT-Charlie,0,0,0,3
369,LTR1D1,LTR,ERV1,44,99,72,48
370,L1PA17,LINE,L1,1647,1220,1969,659
371,ERV3-16A3_I-int,LTR,ERVL,1668,1303,1127,678
372,MER34A1,LTR,ERV1,132,110,350,169
373,Tigger16a,DNA,TcMar-Tigger,500,287,672,409
374,THE1B-int,LTR,ERVL-MaLR,2099,1512,2037,870
375,Tigger9a,DNA,TcMar-Tigger,223,168,380,176
376,Tigger9b,DNA,TcMar-Tigger,217,196,332,207
377,LTR27C,LTR,ERV1,106,79,92,47
378,Charlie18a,DNA,hAT-Charlie,612,343,1672,1258
379,MLT2F,LTR,ERVL,445,494,400,271
380,AluSq10,SINE,Alu,310,232,334,204
381,AluJr,SINE,Alu,15432,11470,18260,12074
382,Charlie10,DNA,hAT-Charlie,387,211,282,123
383,Charlie11,DNA,hAT-Charlie,68,28,128,0
384,Charlie12,DNA,hAT-Charlie,8,8,4,0
385,UCON21,DNA?,DNA?,0,0,0,0
386,L1MEg1,LINE,L1,435,248,344,169
387,L1MEg2,LINE,L1,149,84,281,175
388,Charlie17,DNA,hAT-Charlie,354,214,479,288
389,MER110A,LTR,ERV1,135,80,68,48
390,UCON56,Unknown,Unknown,0,0,0,0
391,UCON82,Unknown,Unknown,0,0,0,0
392,HERVE-int,LTR,ERV1,195,154,200,95
393,MLT1L,LTR,ERVL-MaLR,2966,1888,2750,1487
394,UCON87,Unknown,Unknown,0,0,0,0
395,MLT1H1-int,LTR,ERVL-MaLR,8,29,73,60
396,tRNA-Ala-GCA,tRNA,tRNA,20,0,8,0
397,HUERS-P2-int,LTR,ERV1,55,88,84,92
398,UCON62,DNA?,DNA?,0,0,0,0
399,MLT1E3-int,LTR,ERVL-MaLR,5,9,34,26
400,L2a,LINE,L2,75565,53507,84285,41367
401,Kanga1,DNA,TcMar-Tc2,123,96,148,138
402,MamGyp-int,LTR,Gypsy,437,379,311,152
403,CR1-3_Croc,LINE,CR1,325,342,482,221
404,LTR22E,LTR,ERVK,140,56,142,89
405,MER76-int,LTR,ERVL,12,36,147,143
406,UCON60,Unknown,Unknown,4,0,0,16
407,ERVL-B4-int,LTR,ERVL,1454,1113,1411,552
408,LTR22B,LTR,ERVK,52,0,17,4
409,LTR22C,LTR,ERVK,11,0,16,0
410,MER81,DNA,hAT-Blackjack,190,281,409,198
411,MLT1H2,LTR,ERVL-MaLR,1559,1583,2396,1735
412,UCON23,DNA,hAT-Tip100?,4,0,12,0
413,MST-int,LTR,ERVL-MaLR,592,630,66,66
414,UCON12A,Unknown,Unknown,0,0,0,0
415,UCON31,Unknown,Unknown,0,16,4,0
416,UCON51,LTR?,LTR?,4,0,0,0
417,CR1-16_AMi,LINE,CR1,52,56,80,24
418,L4_A_Mam,LINE,RTE-X,1728,1092,1575,820
419,HERVH-int,LTR,ERV1,5795,4352,5450,2910
420,AluSg4,SINE,Alu,1113,839,1091,657
421,LTR23-int,LTR,ERV1,12,4,39,48
422,LTR88c,LTR,Gypsy?,84,24,63,32
423,MamTip1,DNA,hAT-Tip100,258,205,147,129
424,UCON48,Unknown,Unknown,0,20,4,39
425,MamTip3,DNA,hAT-Tip100,183,84,207,92
426,MamTip2,DNA,hAT-Tip100,1670,1157,1370,1103
427,THE1C,LTR,ERVL-MaLR,1352,1287,1793,709
428,THE1B,LTR,ERVL-MaLR,3623,2779,3868,1870
429,THE1A,LTR,ERVL-MaLR,1223,973,1811,913
430,UCON46,Unknown,Unknown,12,4,16,0
431,UCON41,Unknown,Unknown,0,0,0,0
432,UCON40,Unknown,Unknown,184,83,260,117
433,UCON43,Unknown,Unknown,0,0,0,8
434,MER84,LTR,ERV1,292,314,232,56
435,MER4CL34,LTR,ERV1,175,15,187,62
436,LTR1,LTR,ERV1,31,16,68,43
437,MamRep1161,DNA,TcMar-Tigger,0,0,35,0
438,HERV1_I-int,LTR,ERV1,64,88,32,33
439,LTR53B,LTR,ERVL,45,0,16,8
440,UCON68,Unknown,Unknown,0,0,0,0
441,Eulor2A,DNA?,DNA?,0,0,0,0
442,Eulor2B,DNA?,DNA?,32,76,40,60
443,Eulor2C,DNA?,DNA?,0,8,0,0
444,L1M4c,LINE,L1,2700,1466,2831,1707
445,L1M4b,LINE,L1,1549,954,1892,847
446,LTR109A2,LTR,ERV1,0,0,0,4
447,Plat_L3,LINE,CR1,1092,665,1064,828
448,tRNA-Pro-CCA,tRNA,tRNA,0,0,0,0
449,tRNA-Pro-CCG,tRNA,tRNA,0,0,0,0
450,X6A_LINE,LINE,CR1,273,316,484,481
451,LTR06,LTR,ERV1,4,0,24,40
452,MER101,LTR,ERV1,89,103,75,8
453,HERVL32-int,LTR,ERVL,13,0,11,0
454,L1PREC2,LINE,L1,3429,2225,3286,1533
455,MamGypLTR2b,LTR,Gypsy,40,48,72,8
456,MER105,DNA,hAT-Charlie,183,183,288,136
457,MER104,DNA,TcMar-Tc2,704,439,952,448
458,MamGypLTR3a,LTR,Gypsy,193,81,120,111
459,MER67B,LTR,ERV1,180,131,169,117
460,U13_,snRNA,snRNA,132,44,217,138
461,tRNA-His-CAY_,tRNA,tRNA,6,2,0,1
462,HERVK-int,LTR,ERVK,299,142,168,85
463,AluYf1,SINE,Alu,200,273,196,145
464,AluSx4,SINE,Alu,1770,1268,1828,1211
465,LTR38A1,LTR,ERV1,8,0,23,0
466,AluSx1,SINE,Alu,16114,11896,18126,11804
467,AluSx3,SINE,Alu,5025,3900,4957,3492
468,L1HS,LINE,L1,587,376,602,261
469,L5,LINE,RTE-X,262,132,183,100
470,MER21C,LTR,ERVL,3042,2136,3082,1671
471,MER21B,LTR,ERVL,1949,1483,1442,768
472,MER21A,LTR,ERVL,1132,792,1254,576
473,tRNA-Ser-TCG,tRNA,tRNA,0,0,0,0
474,L2,LINE,L2,27862,18421,27660,13895
475,MIR3,SINE,MIR,24770,19169,29186,16673
476,L3,LINE,CR1,17183,11915,21972,12779
477,Charlie21a,DNA,hAT-Charlie,552,447,805,524
478,ERV24B_Prim-int,LTR,ERV1,148,44,56,36
479,Chompy-6_Croc,DNA,PIF-Harbinger,0,0,0,0
480,MER68-int,LTR,ERVL,245,142,138,45
481,L1M2a1,LINE,L1,63,52,32,32
482,MER88,LTR,ERVL,72,16,8,0
483,LTR75_1,LTR,ERV1,12,12,4,28
484,MER57E1,LTR,ERV1,105,98,85,43
485,MER4A1_,LTR,ERV1,279,204,274,142
486,MER57E3,LTR,ERV1,326,209,263,126
487,HERVK14-int,LTR,ERVK,131,150,179,100
488,GSATX,Satellite,centr,0,0,0,0
489,tRNA-Ser-TCA,tRNA,tRNA,0,0,0,0
490,MER85,DNA,PiggyBac,334,200,235,116
491,LTR16A2,LTR,ERVL,183,228,322,100
492,LTR16A1,LTR,ERVL,478,314,589,267
493,LTR19-int,LTR,ERV1,173,120,83,100
494,LTR71A,LTR,ERV1,60,84,28,55
495,LTR71B,LTR,ERV1,54,85,44,59
496,Charlie9,DNA,hAT-Charlie,842,480,540,414
497,MLT1J-int,LTR,ERVL-MaLR,344,162,263,116
498,MER61C,LTR,ERV1,75,77,47,44
499,MER61B,LTR,ERV1,170,47,84,31
500,MER61A,LTR,ERV1,79,110,111,56
501,Tigger5b,DNA,TcMar-Tigger,918,629,774,642
502,MER61F,LTR,ERV1,36,28,16,12
503,MER61E,LTR,ERV1,6,40,124,83
504,MER61D,LTR,ERV1,44,40,55,4
505,MER136,DNA,DNA,0,0,0,0
506,MER75,DNA,PiggyBac,109,119,242,36
507,MER76,LTR,ERVL,130,120,173,55
508,MER77,LTR,ERVL,929,583,1060,347
509,MER72,LTR,ERV1,254,140,216,104
510,MER73,LTR,ERVL,32,23,21,28
511,L1MC5a,LINE,L1,8941,5256,10788,5854
512,UCON33,DNA,TcMar-Tigger,67,4,28,36
513,Helitron1Na_Mam,RC,Helitron,66,0,56,4
514,LTR12C,LTR,ERV1,764,664,1040,443
515,LTR12B,LTR,ERV1,52,72,33,30
516,MER61-int,LTR,ERV1,498,203,530,345
517,tRNA-Ile-ATA,tRNA,tRNA,32,36,0,0
518,LTR12F,LTR,ERV1,168,82,111,68
519,LTR12E,LTR,ERV1,105,70,119,40
520,LTR12D,LTR,ERV1,190,106,120,55
521,tRNA-Met,tRNA,tRNA,7,4,16,12
522,HERV30-int,LTR,ERV1,17,0,22,30
523,tRNA-Ser-TCY,tRNA,tRNA,0,0,0,1
524,U13,snRNA,snRNA,132,59,69,21
525,LTR47A2,LTR,ERVL,202,100,164,64
526,LTR40a,LTR,ERVL,337,204,435,230
527,LTR40b,LTR,ERVL,198,253,196,292
528,LTR33A_,LTR,ERVL,323,195,261,137
529,LTR12_,LTR,ERV1,136,176,38,62
530,UCON96,Unknown,Unknown,0,0,0,27
531,MLT1M-int,LTR,ERVL-MaLR,0,0,0,0
532,Eulor9A,DNA,DNA,36,16,20,36
533,MamGypsy2-LTR,LTR,Gypsy,76,55,64,28
534,Eulor9C,DNA,DNA,4,0,0,0
535,Eulor9B,DNA,DNA,20,0,28,0
536,tRNA-Met-i,tRNA,tRNA,0,0,0,0
537,MER123,DNA?,DNA?,0,0,16,0
538,BSR_Beta,Satellite,Satellite,239,204,175,142
539,LTR2,LTR,ERV1,563,287,232,158
540,MER2,DNA,TcMar-Tigger,3681,2524,4627,2503
541,MER3,DNA,hAT-Charlie,3054,2288,4081,2063
542,Arthur1C,DNA,hAT-Tip100,65,96,120,36
543,HERVL74-int,LTR,ERVL,305,255,232,208
544,Arthur1A,DNA,hAT-Tip100,217,200,207,161
545,HERV1_LTRa,LTR,ERV1,28,25,16,32
546,HERV1_LTRc,LTR,ERV1,0,0,12,0
547,HERV1_LTRb,LTR,ERV1,28,31,0,0
548,HERV1_LTRe,LTR,ERV1,4,1,0,0
549,HERV1_LTRd,LTR,ERV1,60,36,4,0
550,MER4-int,LTR,ERV1,1219,782,1655,690
551,Tigger4b,DNA,TcMar-Tigger,1546,814,2355,1203
552,MER106B,DNA,hAT-Charlie,214,143,412,166
553,MER106A,DNA,hAT-Charlie,284,114,219,56
554,MamGypLTR1a,LTR,Gypsy,122,116,98,11
555,L1M3de,LINE,L1,71,91,68,45
556,MamGypLTR1b,LTR,Gypsy,218,196,1915,1378
557,MamGypLTR1d,LTR,Gypsy,59,57,56,12
558,L1PA15-16,LINE,L1,295,195,320,251
559,MER44D,DNA,TcMar-Tigger,279,175,346,167
560,MER113,DNA,hAT-Charlie,971,756,1082,521
561,tRNA-Val-GTY,tRNA,tRNA,0,0,0,1
562,LTR3B_,LTR,ERVK,180,228,142,40
563,MER65C,LTR,ERV1,975,683,964,929
564,HERV-Fc2_LTR,LTR,ERV1,0,0,0,0
565,MER41A,LTR,ERV1,549,289,483,303
566,MER66-int,LTR,ERV1,111,180,218,105
567,TAR1,Satellite,telo,13,24,15,1
568,Tigger16b,DNA,TcMar-Tigger,859,529,942,531
569,MER74C,LTR,ERVL,28,56,12,0
570,UCON84,Unknown,Unknown,4,0,0,0
571,MLT2A1,LTR,ERVL,419,302,625,133
572,U4,snRNA,snRNA,137,54,48,52
573,MLT1E-int,LTR,ERVL-MaLR,0,0,0,0
574,MER74B,LTR,ERVL,168,203,309,142
575,L2-1_Crp,LINE,L2,0,12,24,0
576,MLT2A2,LTR,ERVL,708,416,506,315
577,Arthur1B,DNA,hAT-Tip100,363,158,306,199
578,PRIMA4-int,LTR,ERV1,339,307,472,137
579,THE1D-int,LTR,ERVL-MaLR,884,614,1183,579
580,Mam_R4,LINE,Dong-R4,147,36,151,86
581,MLT1G1,LTR,ERVL-MaLR,1108,826,717,469
582,MLT1G3,LTR,ERVL-MaLR,634,397,396,195
583,Charlie25,DNA,hAT-Charlie,139,141,134,132
584,Charlie24,DNA,hAT-Charlie,441,331,531,163
585,LTR6B,LTR,ERV1,171,158,488,252
586,UCON72,Unknown,Unknown,0,0,7,0
587,tRNA-SeC_e_-TGA,tRNA,tRNA,0,0,0,0
588,MLT1H-int,LTR,ERVL-MaLR,327,188,277,153
589,LOR1a,LTR,ERV1,352,220,239,183
590,Arthur1,DNA,hAT-Tip100,194,204,423,166
591,MLT1J1-int,LTR,ERVL-MaLR,75,12,120,12
592,LOR1b,LTR,ERV1,314,243,115,86
593,LTR10B1,LTR,ERV1,98,72,270,151
594,LTR10B2,LTR,ERV1,14,28,64,12
595,LTR108c_Mam,LTR,ERVL,0,0,8,0
596,MLT1K-int,LTR,ERVL-MaLR,0,32,4,0
597,MIRb,SINE,MIR,55360,42251,62044,33937
598,Charlie13a,DNA,hAT-Charlie,244,166,220,79
599,Charlie13b,DNA,hAT-Charlie,104,91,259,60
600,UCON132b,DNA,hAT-Tip100,120,99,167,20
601,MER63B,DNA,hAT-Blackjack,493,307,637,363
602,LTR39,LTR,ERV1,3164,3042,477,372
603,UCON78,DNA,DNA,88,40,28,8
604,AluYj4,SINE,Alu,243,252,333,253
605,MER66D,LTR,ERV1,40,8,16,4
606,LTR107_Mam,LTR,LTR,40,60,52,7
607,MER66C,LTR,ERV1,107,109,61,45
608,MER91B,DNA,hAT-Tip100,335,214,426,191
609,MER66A,LTR,ERV1,76,87,25,16
610,Charlie2a,DNA,hAT-Charlie,913,737,991,512
611,Charlie2b,DNA,hAT-Charlie,1051,676,858,598
612,L1MA8,LINE,L1,2741,1582,4201,1976
613,MER50B,LTR,ERV1,166,146,80,51
614,MIRc,SINE,MIR,26071,19147,29239,16026
615,tRNA-Lys-AAA,tRNA,tRNA,12,0,12,0
616,LTR22C0,LTR,ERVK,48,12,72,4
617,X1_LINE,LINE,CR1,26,0,0,0
618,LTR22C2,LTR,ERVK,9,0,0,32
619,MER46C,DNA,TcMar-Tigger,1478,1271,2391,1386
620,MER31B,LTR,ERV1,402,276,640,219
621,MamRep38,DNA,hAT,579,372,364,192
622,MER31A,LTR,ERV1,396,292,332,178
623,MER107,DNA,hAT-Charlie,87,63,121,32
624,L4_B_Mam,LINE,RTE-X,844,498,981,575
625,MER34D,LTR,ERV1,31,12,44,0
626,LTR88b,LTR,Gypsy?,103,95,148,103
627,MamRep1151,LTR?,LTR?,592,518,323,104
628,MER20,DNA,hAT-Charlie,5013,3851,6017,3169
629,LTR30,LTR,ERV1,65,89,53,65
630,LTR7,LTR,ERV1,570,498,402,221
631,LTR16E2,LTR,ERVL,452,346,239,171
632,LTR16E1,LTR,ERVL,465,203,364,242
633,LTR43B,LTR,ERV1,8,1,40,8
634,MER49,LTR,ERV1,683,740,718,518
635,MER48,LTR,ERV1,64,17,32,26
636,PRIMAX-int,LTR,ERV1,20,0,24,4
637,LTR36,LTR,ERV1,300,218,217,110
638,LTR40c,LTR,ERVL,328,138,207,137
639,UCON49,LINE,L2,27,44,48,0
640,UCON105,Unknown,Unknown,177,55,135,100
641,PRIMA4_LTR,LTR,ERV1,102,151,128,48
642,HERVK22-int,LTR,ERVK,946,498,1254,504
643,tRNA-Arg-CGG,tRNA,tRNA,0,0,0,0
644,Tigger6a,DNA,TcMar-Tigger,501,336,345,200
645,Tigger6b,DNA,TcMar-Tigger,28,24,24,0
646,SVA_F,Retroposon,SVA,157,160,262,150
647,tRNA-Arg-CGA,tRNA,tRNA,0,0,0,0
648,MER52D,LTR,ERV1,138,164,106,69
649,L1MCb,LINE,L1,321,213,387,96
650,L1MCc,LINE,L1,635,390,909,472
651,L1PB2,LINE,L1,609,403,937,412
652,L1MCa,LINE,L1,1988,910,2128,1001
653,L1PB4,LINE,L1,2052,1169,2178,1156
654,MER72B,LTR,ERV1,15,40,16,24
655,MER102b,DNA,hAT-Charlie,1532,1395,1905,911
656,MER102c,DNA,hAT-Charlie,927,556,1113,572
657,MER102a,DNA,hAT-Charlie,1404,891,1200,854
658,LTR58,LTR,ERV1,47,44,8,20
659,AluYa5,SINE,Alu,92,153,211,132
660,tRNA-Arg-AGG,tRNA,tRNA,43,19,0,0
661,LTR53-int,LTR,ERVL,255,132,101,83
662,AluYa8,SINE,Alu,10,33,15,10
663,LTR55,LTR,ERVL?,104,12,110,51
664,LTR56,LTR,ERV1,262,140,244,181
665,LTR57,LTR,ERVL,81,32,60,47
666,LTR45C,LTR,ERV1,161,74,78,49
667,LTR45B,LTR,ERV1,71,41,52,11
668,LTR52,LTR,ERVL,151,95,112,39
669,LTR53,LTR,ERVL,131,69,94,43
670,MER39,LTR,ERV1,665,496,690,423
671,MER34B-int,LTR,ERV1,126,84,271,166
672,LTR75B,LTR,ERVL,72,13,62,4
673,CR1-12_AMi,LINE,CR1,12,20,32,0
674,CR1_Mam,LINE,CR1,790,411,991,341
675,MER33,DNA,hAT-Charlie,3384,1750,4006,2043
676,MER34,LTR,ERV1,314,147,281,70
677,L1P4d,LINE,L1,48,1,25,4
678,MLT1G3-int,LTR,ERVL-MaLR,53,36,111,20
679,HERVI-int,LTR,ERV1,124,107,73,65
680,Eulor6A,DNA?,DNA?,0,0,0,0
681,Eulor6B,DNA?,DNA?,0,0,0,8
682,L1P4e,LINE,L1,16,9,6,36
683,Eulor6D,DNA?,DNA?,40,16,0,0
684,Eulor6E,DNA?,DNA?,24,0,0,0
685,MER83A-int,LTR,ERV1,12,0,0,4
686,MER44C,DNA,TcMar-Tigger,921,504,476,373
687,L1MC2,LINE,L1,2775,1768,3516,1538
688,L1MC3,LINE,L1,4669,2760,4786,2266
689,FRAM,SINE,Alu,1148,907,1508,911
690,L1MC1,LINE,L1,8433,5138,8107,4477
691,MLT1M,LTR,ERVL-MaLR,426,246,349,207
692,L1MC4,LINE,L1,13535,8697,16214,8066
693,HERV9-int,LTR,ERV1,369,256,94,46
694,X8_LINE,LINE,CR1,118,46,83,15
695,L2b,LINE,L2,40679,36238,40421,27347
696,L1MB7,LINE,L1,14804,9001,16829,8578
697,LTR81C,LTR,Gypsy,72,56,44,24
698,LTR38-int,LTR,ERV1,7,23,12,0
699,Helitron1Nb_Mam,RC,Helitron,12,32,95,11
700,LTR5A,LTR,ERVK,186,173,113,105
701,LTR5B,LTR,ERVK,351,275,192,170
702,LTR81B,LTR,Gypsy,66,30,99,23
703,BC200,scRNA,scRNA,10,20,153,152
704,L4_C_Mam,LINE,RTE-X,1268,792,1727,855
705,LTR81A,LTR,Gypsy,148,56,124,79
706,LTR28B,LTR,ERV1,52,136,60,16
707,LTR28C,LTR,ERV1,192,48,137,128
708,LTR104_Mam,LTR,Gypsy,511,514,366,100
709,Tigger17,DNA,TcMar-Tigger,79,32,32,24
710,Tigger10,DNA,TcMar-Tigger,801,472,975,483
711,MLT1F2-int,LTR,ERVL-MaLR,36,51,56,85
712,Tigger12,DNA,TcMar-Tigger,359,213,552,530
713,MER4E,LTR,ERV1,180,184,399,157
714,MER4D,LTR,ERV1,438,322,524,172
715,tRNA-Ser-TCA_,tRNA,tRNA,0,0,0,1
716,MER4A,LTR,ERV1,561,280,649,423
717,MLT1E,LTR,ERVL-MaLR,178,47,136,39
718,MER4C,LTR,ERV1,176,120,151,35
719,MER4B,LTR,ERV1,3422,2600,1138,625
720,MSTA-int,LTR,ERVL-MaLR,1660,1328,1328,864
721,MLT1J2-int,LTR,ERVL-MaLR,99,68,88,34
722,MLT1D-int,LTR,ERVL-MaLR,1396,765,1311,702
723,HERV-Fc1_LTR1,LTR,ERV1,2,0,0,0
724,HERV-Fc1_LTR2,LTR,ERV1,0,0,0,0
725,HERV-Fc1_LTR3,LTR,ERV1,0,0,0,0
726,LTR50,LTR,ERVL,799,531,828,426
727,MER6,DNA,TcMar-Tigger,297,237,422,255
728,LTR80A,LTR,ERVL,84,57,16,90
729,LTR80B,LTR,ERVL,55,46,88,16
730,HAL1,LINE,L1,9110,5676,11753,5923
731,Chompy-7_Croc,DNA,PIF-Harbinger,0,0,0,0
732,HERV9NC-int,LTR,ERV1,223,93,153,51
733,MLT2D,LTR,ERVL,994,1041,686,374
734,MLT2E,LTR,ERVL,28,16,11,52
735,GSAT,Satellite,centr,0,12,0,0
736,MER34A,LTR,ERV1,162,162,248,114
737,HUERS-P1-int,LTR,ERV1,59,28,180,71
738,MER34C,LTR,ERV1,52,44,32,16
739,MER34B,LTR,ERV1,525,256,396,256
740,Ricksha_0,DNA,MULE-MuDR,195,98,136,52
741,ORSL-2b,DNA,hAT-Tip100,280,149,131,67
742,DNA1_Mam,DNA,TcMar,27,8,44,35
743,PrimLTR79,LTR,ERV1,127,63,140,74
744,LTR57-int,LTR,ERVL,27,40,40,47
745,LTR8B,LTR,ERV1,459,502,489,345
746,LTR8A,LTR,ERV1,892,612,780,387
747,Tigger12A,DNA,TcMar-Tigger,269,126,308,183
748,L1ME4a,LINE,L1,9717,6340,14109,7742
749,UCON9,Unknown,Unknown,0,0,20,0
750,L1ME4c,LINE,L1,3233,2265,4135,2095
751,L1ME4b,LINE,L1,10091,6355,11662,6463
752,LTR89,LTR,ERVL?,308,279,270,183
753,LTR14A,LTR,ERVK,16,4,4,27
754,LTR87,LTR,ERVL?,365,297,317,194
755,UCON1,Unknown,Unknown,12,0,0,0
756,UCON2,DNA?,DNA?,64,96,50,55
757,ORSL-2a,DNA,hAT-Tip100,124,111,67,36
758,LTR83,LTR,ERVL,108,52,156,59
759,UCON5,Unknown,Unknown,31,12,0,0
760,LTR81,LTR,Gypsy,44,51,4,24
761,UCON7,DNA?,DNA?,0,0,0,0
762,MER121B,DNA,hAT?,0,0,0,0
763,MER65D,LTR,ERV1,78,126,61,43
764,MER124,DNA?,DNA?,254,226,219,106
765,MER57-int,LTR,ERV1,364,281,421,131
766,UCON93,Unknown,Unknown,0,0,0,0
767,Charlie17a,DNA,hAT-Charlie,358,124,433,234
768,Charlie17b,DNA,hAT-Charlie,39,8,73,75
769,HUERS-P3-int,LTR,ERV1,370,197,807,433
770,MER34-int,LTR,ERV1,577,455,983,660
771,UCON79,DNA?,DNA?,0,0,0,12
772,UCON61,Unknown,Unknown,0,0,0,0
773,Eulor8,DNA,TcMar?,0,4,0,0
774,UCON70,Unknown,Unknown,19,87,44,47
775,Eulor4,Unknown,Unknown,0,0,0,0
776,7SK,RNA,RNA,131526,100012,35924,35785
777,UCON73,Unknown,Unknown,12,8,83,111
778,L1P,LINE,L1,12,3,4,2
779,UCON75,Unknown,Unknown,0,0,0,0
780,Eulor3,DNA?,DNA?,0,0,0,0
781,UCON77,Unknown,Unknown,0,0,4,12
782,LTR25-int,LTR,ERV1,576,607,796,554
783,L1M,LINE,L1,123,95,200,110
784,Zaphod,DNA,hAT-Tip100,391,139,249,92
785,Tigger18a,DNA,TcMar-Tigger,400,342,733,445
786,tRNA-Arg-CGY_,tRNA,tRNA,0,0,2,0
787,Tigger3,DNA,TcMar-Tigger,504,175,577,238
788,MLT1I-int,LTR,ERVL-MaLR,130,15,152,78
789,MER4B-int,LTR,ERV1,227,175,199,144
790,LTR106_Mam,LTR,LTR,83,28,96,26
791,X6B_LINE,LINE,CR1,216,256,487,223
792,MLT1A-int,LTR,ERVL-MaLR,355,127,160,137
793,tRNA-Ile-ATC,tRNA,tRNA,0,0,0,0
794,Eulor11,DNA,DNA,12,0,24,0
795,Eulor10,DNA?,DNA?,0,0,0,0
796,Eulor12,DNA?,DNA?,4,0,0,0
797,MamGypLTR1c,LTR,Gypsy,118,175,116,69
798,LTR48B,LTR,ERV1,1309,884,496,471
799,Tigger4,DNA,TcMar-Tigger,875,478,869,473
800,tRNA-Ile-ATT,tRNA,tRNA,47,0,20,55
801,AluYe5,SINE,Alu,107,91,155,82
802,AluYe6,SINE,Alu,33,21,41,28
803,LTR13,LTR,ERVK,798,597,988,551
804,LTR14,LTR,ERVK,50,32,58,31
805,LTR15,LTR,ERV1,112,129,390,218
806,LTR16,LTR,ERVL,346,270,294,151
807,LTR17,LTR,ERV1,289,337,494,143
808,tRNA-Leu-CTA_,tRNA,tRNA,0,0,0,0
809,MER5A1,DNA,hAT-Charlie,3258,2269,3088,1808
810,LTR78B,LTR,ERV1,401,265,501,258
811,MER97d,DNA,hAT-Tip100,0,4,103,24
812,MLT1I,LTR,ERVL-MaLR,1798,1343,1590,990
813,MER9B,LTR,ERVK,8,36,0,12
814,LTR51,LTR,ERV1,72,41,79,23
815,X7C_LINE,LINE,CR1,144,96,174,51
816,Merlin1_HS,DNA,Merlin,24,20,72,32
817,LTR40A1,LTR,ERVL,143,235,94,58
818,LTR41C,LTR,ERVL,222,119,228,107
819,LTR41B,LTR,ERVL,387,169,932,737
820,Kanga2_a,DNA,TcMar-Tc2,681,468,956,448
821,LTR29,LTR,ERV1,222,123,213,85
822,LTR14C,LTR,ERVK,0,0,32,2
823,LTR14B,LTR,ERVK,67,76,177,72
824,LTR22B2,LTR,ERVK,20,24,0,16
825,MER101B,LTR,ERV1,48,16,8,0
826,MSTB1,LTR,ERVL-MaLR,1025,865,1236,469
827,LTR103b_Mam,LTR,ERV1?,55,47,92,48
828,AluYk11,SINE,Alu,184,129,137,40
829,AluYk12,SINE,Alu,43,21,30,18
830,LTR33B,LTR,ERVL,260,104,228,112
831,HERVE_a-int,LTR,ERV1,115,59,110,54
832,LTR33A,LTR,ERVL,353,185,297,136
833,U14,snRNA,snRNA,20,16,112,106
834,LTR105_Mam,LTR,ERVL,24,69,108,117
835,Tigger19b,DNA,TcMar-Tigger,1286,1030,2107,1231
836,Helitron3Na_Mam,RC,Helitron,304,299,172,218
837,L1PA2,LINE,L1,784,464,896,412
838,L1PA5,LINE,L1,3279,1976,2904,1349
839,L1PA4,LINE,L1,2154,1169,2091,1226
840,L1PA7,LINE,L1,5585,3682,7341,3216
841,L1PA6,LINE,L1,10864,11283,17190,11868
842,L1PA8,LINE,L1,2516,1888,2519,1106
843,MER90,LTR,ERV1,316,171,133,193
844,L1P4c,LINE,L1,0,4,0,0
845,MER94,DNA,hAT-Blackjack,802,820,1153,661
846,MER11A,LTR,ERVK,449,253,349,178
847,LTR65,LTR,ERV1,196,168,279,204
848,LTR64,LTR,ERV1,124,107,128,122
849,LTR1B,LTR,ERV1,152,208,439,259
850,LTR1C,LTR,ERV1,0,0,0,6
851,LTR1D,LTR,ERV1,80,134,83,33
852,LTR1E,LTR,ERV1,48,79,51,25
853,LTR1F,LTR,ERV1,44,20,12,8
854,LTR62,LTR,ERVL,83,44,68,0
855,MER41B,LTR,ERV1,566,374,477,225
856,MER5B,DNA,hAT-Charlie,5789,3851,6943,3596
857,MER67A,LTR,ERV1,253,176,100,44
858,hAT-N1_Mam,DNA,hAT-Tip100?,231,76,175,94
859,LTR69,LTR,ERVL,8,55,52,0
860,LTR68,LTR,ERV1,71,18,60,40
861,MER5C,DNA,hAT-Charlie,359,375,563,205
862,tRNA-His-CAY,tRNA,tRNA,0,0,0,0
863,AluSg,SINE,Alu,5100,3586,5443,3760
864,MER54B,LTR,ERVL,72,0,40,63
865,MER70A,LTR,ERVL,99,104,116,36
866,Tigger17c,DNA,TcMar-Tigger,424,345,537,353
867,LTR10F,LTR,ERV1,137,19,109,36
868,LTR24B,LTR,ERV1,214,240,349,194
869,Eulor7,DNA?,DNA?,0,0,0,0
870,MER97c,DNA,hAT-Tip100,78,4,0,8
871,L1MD3,LINE,L1,1990,1239,2247,1028
872,L1MD2,LINE,L1,4103,3169,4961,2505
873,L1MD1,LINE,L1,2237,1552,2805,1605
874,HERV17-int,LTR,ERV1,489,346,659,262
875,LTR1C1,LTR,ERV1,37,8,4,2
876,LTR1C3,LTR,ERV1,4,8,0,0
877,Eulor1,DNA,DNA,0,0,0,0
878,MER70B,LTR,ERVL,42,36,36,27
879,tRNA-Gly-GGY,tRNA,tRNA,0,0,8,12
880,LTR84a,LTR,ERVL,124,110,99,76
881,LTR84b,LTR,ERVL,185,131,244,168
882,UCON6,Unknown,Unknown,155,40,236,95
883,tRNA-Gly-GGG,tRNA,tRNA,7,0,0,12
884,MLT1G1-int,LTR,ERVL-MaLR,76,48,80,24
885,MER77B,LTR,ERVL,369,391,392,186
886,MER132,DNA,TcMar-Pogo,0,0,0,0
887,Tigger17b,DNA,TcMar-Tigger,7,43,32,0
888,L1ME3A,LINE,L1,6108,3524,6911,3653
889,L1ME3B,LINE,L1,4016,2629,5030,2721
890,L1ME3C,LINE,L1,890,622,1178,475
891,L1ME3D,LINE,L1,1596,1140,2564,1363
892,L1MEf,LINE,L1,3661,2216,8958,3917
893,L1ME3F,LINE,L1,2781,1605,3138,1613
894,L1ME3G,LINE,L1,5278,4088,7220,3400
895,Tigger1a_Art,DNA,TcMar-Tigger,88,8,88,5
896,MER57F,LTR,ERV1,44,20,121,47
897,MER57D,LTR,ERV1,168,43,54,20
898,MER47C,DNA,TcMar-Tigger,142,125,296,148
899,MER47B,DNA,TcMar-Tigger,176,103,122,72
900,MER47A,DNA,TcMar-Tigger,1273,869,1621,947
901,SVA_D,Retroposon,SVA,288,262,272,171
902,SVA_E,Retroposon,SVA,154,101,131,71
903,D20S16,Satellite,Satellite,10,4,4,3
904,MER30B,DNA,hAT-Charlie,21,22,64,68
905,SVA_A,Retroposon,SVA,422,438,261,175
906,SVA_B,Retroposon,SVA,112,149,227,129
907,FAM,SINE,Alu,878,623,1019,710
908,MER89-int,LTR,ERV1,85,22,120,87
909,MER90a,LTR,ERV1,543,368,449,218
910,MER97a,DNA,hAT-Tip100,12,20,0,0
911,tRNA-Thr-ACY_,tRNA,tRNA,0,0,0,0
912,MLT1F-int,LTR,ERVL-MaLR,176,296,224,95
913,MER34C_,LTR,ERV1,115,60,32,77
914,Tigger14a,DNA,TcMar-Tigger,565,235,571,350
915,MSTD-int,LTR,ERVL-MaLR,398,218,325,147
916,Charlie22a,DNA,hAT-Charlie,409,175,221,287
917,L1MC4a,LINE,L1,6069,4068,7263,4233
918,Helitron2Na_Mam,RC?,Helitron?,93,129,323,247
919,Ricksha_a,DNA,MULE-MuDR,40,36,8,24
920,LFSINE_Vert,SINE,tRNA,990,834,1110,746
921,L1MDb,LINE,L1,333,235,426,229
922,L1MDa,LINE,L1,2348,1480,3027,1313
923,UCON38,Unknown,Unknown,12,0,28,0
924,7SLRNA,srpRNA,srpRNA,76897,75863,49518,39868
925,MER6B,DNA,TcMar-Tigger,160,94,220,185
926,LOR1-int,LTR,ERV1,704,494,635,488
927,LTR72,LTR,ERV1,88,27,52,20
928,UCON37,Unknown,Unknown,0,4,12,0
929,HERVP71A-int,LTR,ERV1,159,208,195,199
930,L1P3b,LINE,L1,29,1,2,1
931,LTR73,LTR,ERV1,50,40,52,44
932,HERV35I-int,LTR,ERV1,163,156,168,156
933,MER68,LTR,ERVL,932,629,1118,466
934,LTR108d_Mam,LTR,ERVL,0,0,8,0
935,MamGypsy2-I,LTR,Gypsy,501,287,335,233
936,tRNA-Tyr-TAT,tRNA,tRNA,0,0,0,0
937,MER110-int,LTR,ERV1,119,17,83,72
938,Tigger2a,DNA,TcMar-Tigger,1145,891,1148,639
939,MLT1C-int,LTR,ERVL-MaLR,291,180,246,48
940,HY1,scRNA,scRNA,141,81,254,203
941,HY3,scRNA,scRNA,169,150,256,95
942,HY4,scRNA,scRNA,204,144,129,59
943,HY5,scRNA,scRNA,52,54,0,20
944,MamRep605,LTR?,LTR?,919,920,1555,750
945,tRNA-Thr-ACY,tRNA,tRNA,0,16,0,0
946,MER87,LTR,ERV1,28,40,44,16
947,MER89,LTR,ERV1,287,81,239,122
948,HUERS-P3b-int,LTR,ERV1,550,244,474,359
949,MER133B,DNA?,DNA?,8,0,0,0
950,HERV9N-int,LTR,ERV1,106,59,175,59
951,MER133A,DNA?,DNA?,0,0,8,0
952,Eulor5A,DNA?,DNA?,8,0,28,24
953,5S,rRNA,rRNA,683,959,455,336
954,Eulor5B,DNA?,DNA?,0,0,12,0
955,LTR19B,LTR,ERV1,80,52,68,35
956,LTR19C,LTR,ERV1,87,66,111,51
957,LTR19A,LTR,ERV1,304,163,505,309
958,MLT1J2,LTR,ERVL-MaLR,1243,869,1424,615
959,MamRep564,Unknown,Unknown,256,246,287,216
960,UCON28c,Unknown,Unknown,3,0,24,0
961,MLT1J1,LTR,ERVL-MaLR,644,471,726,267
962,UCON34,Unknown,Unknown,244,151,120,127
963,LTR2C,LTR,ERV1,92,65,117,81
964,LTR2B,LTR,ERV1,110,129,87,54
965,HAL1M8,LINE,L1,796,429,1348,531
966,AluYi6,SINE,Alu,66,42,80,26
967,MSR1,Satellite,Satellite,133,218,90,66
968,Tigger8,DNA,TcMar-Tigger,362,187,435,170
969,LTR49-int,LTR,ERV1,464,390,534,258
970,MER31-int,LTR,ERV1,263,183,381,231
971,Tigger1,DNA,TcMar-Tigger,10126,6536,11927,5716
972,tRNA-Ala-GCY_,tRNA,tRNA,0,0,0,0
973,Kanga1d,DNA,TcMar-Tc2,152,100,256,47
974,Tigger2,DNA,TcMar-Tigger,1763,1079,2456,1072
975,Kanga1b,DNA,TcMar-Tc2,56,64,97,12
976,Kanga1c,DNA,TcMar-Tc2,112,93,300,168
977,Tigger7,DNA,TcMar-Tigger,1631,1286,1745,1018
978,Kanga1a,DNA,TcMar-Tc2,263,132,280,95
979,L1M3b,LINE,L1,35,32,149,108
980,UCON71,Unknown,Unknown,0,0,12,0
981,LTR10A,LTR,ERV1,153,106,182,121
982,tRNA-Asp-GAY,tRNA,tRNA,12,0,0,19
983,LTR10C,LTR,ERV1,216,128,181,108
984,LTR10B,LTR,ERV1,48,32,12,31
985,LTR10E,LTR,ERV1,188,18,81,21
986,LTR10D,LTR,ERV1,112,72,64,12
987,LTR10G,LTR,ERV1,39,25,28,2
988,AluY,SINE,Alu,10064,7120,10053,6615
989,SATR2,Satellite,Satellite,144,89,43,6
990,LTR16D1,LTR,ERVL,158,48,84,12
991,LTR16D2,LTR,ERVL,41,43,42,5
992,L1M3a,LINE,L1,176,140,409,152
993,MER57B1,LTR,ERV1,107,110,99,128
994,UCON85,Unknown,Unknown,0,4,0,4
995,L2-1_AMi,LINE,L2,447,470,492,176
996,MER57B2,LTR,ERV1,260,76,279,147
997,MamSINE1,SINE,tRNA-RTE,3380,2543,4368,2232
998,UCON11,DNA,TcMar-Tigger,4,16,8,0
999,Tigger3a,DNA,TcMar-Tigger,2032,1834,2309,1020
1000,HERVL40-int,LTR,ERVL,613,344,733,188
1001,MER53,DNA,hAT,480,403,759,553
1002,MER50,LTR,ERV1,375,300,262,178
1003,MER52-int,LTR,ERV1,22,12,46,20
1004,UCON76,Unknown,Unknown,0,12,0,0
1005,Penelope1_Vert,LINE,Penelope,240,355,464,344
1006,MER87B,LTR,ERV1,59,32,96,24
1007,MamRep434,DNA,TcMar-Tigger,614,661,1127,462
1008,HERVFH19-int,LTR,ERV1,92,70,115,28
1009,L2-3_Crp,LINE,L2,812,565,663,197
1010,HERVK14C-int,LTR,ERVK,94,28,28,0
1011,HAL1ME,LINE,L1,1860,1083,2474,1088
1012,LTR28,LTR,ERV1,52,48,16,4
1013,MLT1A1-int,LTR,ERVL-MaLR,248,179,196,56
1014,FLAM_C,SINE,Alu,3346,2557,4781,3103
1015,LTR81AB,LTR,Gypsy,24,8,15,0
1016,FLAM_A,SINE,Alu,2285,1936,3143,1504
1017,L1M6B,LINE,L1,373,308,377,262
1018,MER121,DNA,hAT?,60,44,16,14
1019,LTR37B,LTR,ERV1,425,254,359,224
1020,LTR23,LTR,ERV1,175,67,200,123
1021,LTR22,LTR,ERVK,34,19,57,0
1022,LTR25,LTR,ERV1,39,27,50,10
1023,LTR12,LTR,ERV1,192,189,198,53
1024,LTR27,LTR,ERV1,79,44,12,28
1025,LTR26,LTR,ERV1,130,52,92,76
1026,LTR7A,LTR,ERV1,13,24,17,1
1027,tRNA-Thr-ACG_,tRNA,tRNA,0,0,0,0
1028,LTR6A,LTR,ERV1,160,198,139,109
1029,LTR37A,LTR,ERV1,146,104,289,148
1030,L1ME3Cz,LINE,L1,3361,1937,4925,2741
1031,MER92D,LTR,ERV1,87,56,60,20
1032,MER4E1,LTR,ERV1,278,224,397,150
1033,MLT1O,LTR,ERVL-MaLR,972,521,995,564
1034,U8,snRNA,snRNA,0,12,16,0
1035,U5,snRNA,snRNA,94,0,63,0
1036,MER125,DNA,DNA,4,0,16,0
1037,U7,snRNA,snRNA,40,28,64,36
1038,HAL1b,LINE,L1,1154,834,1398,956
1039,U1,snRNA,snRNA,199,75,177,97
1040,U3,snRNA,snRNA,6603,5002,4921,5992
1041,LTR24,LTR,ERV1,146,184,95,44
1042,MLT2B1,LTR,ERVL,560,426,436,144
1043,MER1A,DNA,hAT-Charlie,1365,740,1393,782
1044,MER57A1,LTR,ERV1,163,136,233,44
1045,MER127,DNA,TcMar-Tigger,31,20,64,39
1046,MLT1A0-int,LTR,ERVL-MaLR,156,182,267,130
1047,LTR86A1,LTR,ERVL,257,88,151,121
1048,LTR86A2,LTR,ERVL,81,64,63,30
1049,MER126,DNA,DNA,57,103,108,40
1050,tRNA-Arg-CGA_,tRNA,tRNA,0,0,0,0
1051,MER9a1,LTR,ERVK,68,50,72,36
1052,Charlie16a,DNA,hAT-Charlie,841,459,583,434
1053,MER9a3,LTR,ERVK,187,225,193,237
1054,MER63A,DNA,hAT-Blackjack,545,417,569,276
1055,MER63C,DNA,hAT-Blackjack,158,106,237,132
1056,MER51C,LTR,ERV1,89,15,50,26
1057,MER63D,DNA,hAT-Blackjack,341,258,298,352
1058,MLT2C1,LTR,ERVL,341,318,557,205
1059,UCON97,DNA,DNA,8,16,0,0
1060,MLT2B5,LTR,ERVL,19,16,36,19
1061,MLT-int,LTR,ERVL-MaLR,167,76,177,63
1062,MLT2B4,LTR,ERVL,601,379,617,472
1063,AluSq4,SINE,Alu,379,263,377,359
1064,AluSq2,SINE,Alu,7932,6115,8935,5876
1065,MLT1F1-int,LTR,ERVL-MaLR,84,76,116,68
1066,MER94B,DNA,hAT-Blackjack,83,12,72,32
1067,Tigger20a,DNA,TcMar-Tigger,494,278,320,228
1068,U2,snRNA,snRNA,526,306,383,371
1069,Charlie7a,DNA,hAT-Charlie,445,304,640,210
1070,MER45A,DNA,hAT-Tip100,760,550,455,425
1071,UCON15,Unknown,Unknown,0,0,0,0
1072,MLT1E1A-int,LTR,ERVL-MaLR,32,16,32,0
1073,MERX,DNA,TcMar-Tigger,91,48,96,63
1074,HERVIP10B3-int,LTR,ERV1,781,659,1213,721
1075,MER34C2,LTR,ERV1,270,196,115,155
1076,Charlie26a,DNA,hAT-Charlie,184,151,120,98
1077,Cheshire,DNA,hAT-Charlie,619,493,627,400
1078,L1ME2,LINE,L1,5040,2814,6371,3508
1079,MER75B,DNA,PiggyBac,40,4,0,12
1080,Charlie30a,DNA,hAT-Charlie,287,220,407,288
1081,LTR7Y,LTR,ERV1,360,253,147,50
1082,MSTD,LTR,ERVL-MaLR,1703,1270,1648,938
1083,LTR1F2,LTR,ERV1,71,91,156,23
1084,LTR1F1,LTR,ERV1,52,32,64,4
1085,tRNA-Val-GTG,tRNA,tRNA,4,0,24,14
1086,HERVK9-int,LTR,ERVK,494,256,353,325
1087,tRNA-Ser-AGY,tRNA,tRNA,0,0,0,12
1088,HERVIP10F-int,LTR,ERV1,226,161,366,201
1089,HERV3-int,LTR,ERV1,402,766,200,124
1090,U17,snRNA,snRNA,2870,2407,1520,1367
1091,MER92A,LTR,ERV1,0,0,12,0
1092,UCON100,DNA?,DNA?,12,0,0,0
1093,MER70-int,LTR,ERVL,60,67,76,34
1094,CR1-11_Crp,LINE,CR1,0,0,4,12
1095,UCON74,DNA?,DNA?,48,20,63,43
1096,AluJb,SINE,Alu,24179,18805,26626,16165
1097,AluSc5,SINE,Alu,929,431,672,450
1098,SATR1,Satellite,Satellite,30,21,44,34
1099,AluSc8,SINE,Alu,2854,2278,3149,2060
1100,L1PA10,LINE,L1,2619,1818,2528,1385
1101,L1PA13,LINE,L1,3182,1823,3278,1695
1102,L1PA12,LINE,L1,1236,952,790,401
1103,AluJo,SINE,Alu,13987,11844,15723,9622
1104,L1PA14,LINE,L1,981,640,1357,579
1105,AluYh3a3,SINE,Alu,89,47,56,49
1106,L1PA16,LINE,L1,3568,2553,4895,2193
1107,HERVFH21-int,LTR,ERV1,45,112,12,44
1108,L1MC,LINE,L1,1723,1141,2049,1130
1109,UCON65,Unknown,Unknown,0,0,0,0
1110,UCON64,Unknown,Unknown,0,0,8,0
1111,UCON63,Unknown,Unknown,4,0,8,0
1112,LTR43,LTR,ERV1,90,61,49,23
1113,L1MD,LINE,L1,2440,1866,3405,1844
1114,MLT1J,LTR,ERVL-MaLR,4303,3121,4047,1957
1115,MLT1N2,LTR,ERVL-MaLR,717,709,712,350
1116,UCON28a,Unknown,Unknown,20,32,4,0
1117,UCON28b,Unknown,Unknown,8,4,0,0
1118,LSU-rRNA_Hsa,rRNA,rRNA,13382,17066,3229,3028
1119,MLT1H2-int,LTR,ERVL-MaLR,86,84,52,20
1120,HERVL18-int,LTR,ERVL,337,546,336,70
1121,tRNA-Phe-TTY,tRNA,tRNA,4,0,0,0
1122,tRNA-Thr-ACA,tRNA,tRNA,0,0,0,0
1123,MSTB2-int,LTR,ERVL-MaLR,6,36,40,16
1124,MamRep137,DNA,TcMar-Tigger,875,611,1252,723
1125,MER66B,LTR,ERV1,342,369,537,272
1126,MER83,LTR,ERV1,190,98,206,81
1127,MER91A,DNA,hAT-Tip100,573,658,484,354
1128,MIR1_Amn,SINE,MIR,3207,2505,2954,2080
1129,MER45R,DNA,hAT-Tip100,79,25,19,20
1130,MER4D0,LTR,ERV1,158,108,320,105
1131,BLACKJACK,DNA,hAT-Blackjack,419,203,503,265
1132,MLT1A1,LTR,ERVL-MaLR,1616,786,1590,907
1133,MLT1A0,LTR,ERVL-MaLR,4732,3458,4512,2471
1134,L2-3_AMi,LINE,L2,0,0,0,0
1135,HERVL-int,LTR,ERVL,1807,1411,1514,823
1136,MER91C,DNA,hAT-Tip100,175,239,223,218
1137,L1MA5,LINE,L1,1944,1115,2064,1216
1138,MLT1N2-int,LTR,ERVL-MaLR,0,8,0,0
1139,U6,snRNA,snRNA,310,201,413,201
1140,X7B_LINE,LINE,CR1,177,133,180,128
1141,L1M2a,LINE,L1,513,469,944,641
1142,MamRep1879,DNA,hAT-Tip100?,260,218,208,153
1143,L1M2c,LINE,L1,319,380,277,157
1144,L1M2b,LINE,L1,67,133,112,36
1145,CR1-8_Crp,LINE,CR1,0,0,0,0
1146,LTR22A,LTR,ERVK,72,60,102,26
1147,HERV-Fc1-int,LTR,ERV1,33,10,12,1
1148,AluSz6,SINE,Alu,7895,5712,8988,5498
1149,L1PA8A,LINE,L1,1108,740,1233,493
1150,MER68B,LTR,ERVL,261,130,236,159
1151,MER68C,LTR,ERVL,51,8,44,15
1152,MER83C,LTR,ERV1,16,8,12,0
1153,MER50C,LTR,ERV1,40,39,71,56
1154,AluYd8,SINE,Alu,10,9,16,8
1155,MER52A,LTR,ERV1,684,479,698,352
1156,tRNA-Trp-TGG,tRNA,tRNA,0,0,0,0
1157,MER52C,LTR,ERV1,118,112,112,75
1158,L1M2,LINE,L1,2706,1608,4008,1614
1159,L1M3,LINE,L1,1591,1077,2023,1038
1160,L2c,LINE,L2,59320,43719,62273,34003
1161,L1M1,LINE,L1,2790,1798,3562,1683
1162,L1M6,LINE,L1,891,772,1218,621
1163,L1M7,LINE,L1,681,684,996,468
1164,L1M4,LINE,L1,6624,4614,9281,4283
1165,L1M5,LINE,L1,12972,7306,17757,8943
1166,MLT1G,LTR,ERVL-MaLR,354,406,711,326
1167,MLT1F,LTR,ERVL-MaLR,1202,984,1186,822
1168,L1M8,LINE,L1,573,305,894,310
1169,MLT1D,LTR,ERVL-MaLR,5152,4173,6188,3260
1170,MLT1C,LTR,ERVL-MaLR,5595,4891,5567,3147
1171,MLT1B,LTR,ERVL-MaLR,12090,9131,6645,4502
1172,MLT1A,LTR,ERVL-MaLR,2275,1814,2214,1431
1173,tRNA-Ser-TCA_m_,tRNA,tRNA,43,57,50,46
1174,MER4A1,LTR,ERV1,1032,642,670,437
1175,UCON99,DNA,DNA,0,0,12,4
1176,Looper,DNA,PiggyBac,358,122,376,237
1177,UCON92,Unknown,Unknown,0,0,28,0
1178,MLT1B-int,LTR,ERVL-MaLR,404,400,493,216
1179,LTR9B,LTR,ERV1,290,189,311,164
1180,LTR9C,LTR,ERV1,3,0,20,28
1181,LTR9D,LTR,ERV1,203,49,228,142
1182,UCON22,Unknown,Unknown,0,0,12,0
1183,UCON94,Unknown,Unknown,0,0,12,0
1184,MADE1,DNA,TcMar-Mariner,593,461,669,271
1185,MADE2,DNA,TcMar-Mariner,457,444,358,260
1186,AluSp,SINE,Alu,7312,6158,7930,6007
1187,AluSq,SINE,Alu,3098,2460,3643,2675
1188,PABL_A-int,LTR,ERV1,133,179,158,114
1189,LTR33C,LTR,ERVL,92,110,67,99
1190,tRNA-Lys-AAG,tRNA,tRNA,36,28,48,16
1191,AluSx,SINE,Alu,18325,14222,20782,14281
1192,AluSz,SINE,Alu,15713,11870,17600,11344
1193,Ricksha_b,DNA,MULE-MuDR,6,35,64,1
1194,PABL_B,LTR,ERV1,97,106,109,25
1195,Charlie20a,DNA,hAT-Charlie,223,64,228,124
1196,L1MEh,LINE,L1,464,288,604,395
1197,L1MEi,LINE,L1,1076,691,1381,415
1198,L1MEj,LINE,L1,685,199,620,206
1199,AluSc,SINE,Alu,6003,4836,6393,4407
1200,L1MEd,LINE,L1,5362,2989,6258,3535
1201,tRNA-Gly-GGA,tRNA,tRNA,12,0,0,8
1202,Charlie23a,DNA,hAT-Charlie,327,107,282,87
1203,L1MEg,LINE,L1,4262,2408,4607,2439
1204,LTR7B,LTR,ERV1,454,232,265,170
1205,L1MEa,LINE,L1,43,120,68,9
1206,L1MEb,LINE,L1,379,378,871,279
1207,L1MEc,LINE,L1,4867,3172,7367,3179
1208,LTR76,LTR,ERV1,116,104,207,86
1209,LTR77,LTR,ERV1,5,3,24,16
1210,LTR101_Mam,LTR,ERVL,291,133,306,43
1211,LTR75,LTR,ERVL,111,81,116,36
1212,LTR47A,LTR,ERVL,193,142,166,126
1213,AluYc3,SINE,Alu,94,79,84,108
1214,LTR70,LTR,ERV1,125,104,301,155
1215,LTR47B,LTR,ERVL,0,0,0,0
1216,tRNA-Glu-GAG,tRNA,tRNA,0,0,0,0
1217,Tigger3d,DNA,TcMar-Tigger,177,229,253,188
1218,Tigger3c,DNA,TcMar-Tigger,711,642,796,387
1219,MLT1E1A,LTR,ERVL-MaLR,848,300,593,505
1220,LTR78,LTR,ERV1,781,566,778,281
1221,LTR79,LTR,ERVL,779,375,509,359
1222,tRNA-Tyr-TAC,tRNA,tRNA,0,0,0,0
1223,LTR67B,LTR,ERVL,496,521,807,351
1224,MSTA1-int,LTR,ERVL-MaLR,0,0,4,0
1225,MER113A,DNA,hAT-Charlie,346,254,494,338
1226,MER113B,DNA,hAT-Charlie,235,53,294,118
1227,tRNA-Glu-GAG_,tRNA,tRNA,394,117,35,54
1228,MamRep1527,LTR,LTR,100,52,92,53
1229,MER1B,DNA,hAT-Charlie,2552,1857,2354,1302
1230,LTR1B1,LTR,ERV1,20,8,23,0
1231,LTR1B0,LTR,ERV1,36,32,16,4
1232,LTR37-int,LTR,ERV1,413,384,651,417
1233,Harlequin-int,LTR,ERV1,392,457,504,377
1234,LTR88a,LTR,Gypsy?,119,56,96,16
1235,tRNA-Ala-GCG,tRNA,tRNA,0,0,0,0
1236,L1ME5,LINE,L1,1114,629,1049,582
1237,HERV16-int,LTR,ERVL,395,223,202,65
1238,L1ME1,LINE,L1,13584,7880,17946,8360
1239,CR1-L3B_Croc,LINE,CR1,4,0,0,0
1240,L1ME3,LINE,L1,3635,2419,5099,2187
1241,MSTC-int,LTR,ERVL-MaLR,79,32,124,20
1242,L1PBa1,LINE,L1,398,162,362,101
1243,LTR43-int,LTR,ERV1,20,52,14,0
1244,LTR7C,LTR,ERV1,229,194,218,193
1245,tRNA-Ala-GCY,tRNA,tRNA,0,0,0,0
1246,L1MA5A,LINE,L1,1508,682,1683,776
1247,LTR5_Hs,LTR,ERVK,402,277,325,265
1248,MER5A,DNA,hAT-Charlie,7903,6347,12329,7338
1249,REP522,Satellite,telo,9,18,8,4
1250,AmnSINE1,SINE,5S-Deu-L2,1389,1256,1922,1250
1251,X7D_LINE,LINE,CR1,0,0,0,0
1252,AmnSINE2,SINE,tRNA-Deu,268,301,204,125
1253,Tigger3b,DNA,TcMar-Tigger,3051,1464,2831,1547
1254,MSTB-int,LTR,ERVL-MaLR,531,414,471,287
1255,MLT1L-int,LTR,ERVL-MaLR,0,0,0,28
1256,L1PA3,LINE,L1,1661,1047,1685,702
1257,MamRep1894,DNA,hAT,92,84,113,91
1258,UCON20,Unknown,Unknown,0,0,0,0
1259,MER57E2,LTR,ERV1,0,0,8,4
1260,MER99,DNA,hAT?,92,56,52,0
1261,UCON50,Unknown,Unknown,8,0,12,0
1262,CRP1,SINE?,tRNA,0,0,0,0
1263,UCON44,Unknown,Unknown,0,0,16,4
1264,MLT1O-int,LTR,ERVL-MaLR,12,0,0,0
1265,MLT1H,LTR,ERVL-MaLR,2140,1367,2412,1164
1266,UCON47,Unknown,Unknown,60,52,40,40
